-- phpMyAdmin SQL Dump
-- version 4.3.11
-- http://www.phpmyadmin.net
--
-- Host: 127.0.0.1
-- Generation Time: Oct 30, 2015 at 05:29 AM
-- Server version: 5.6.24
-- PHP Version: 5.6.8

SET SQL_MODE = "NO_AUTO_VALUE_ON_ZERO";
SET time_zone = "+00:00";


/*!40101 SET @OLD_CHARACTER_SET_CLIENT=@@CHARACTER_SET_CLIENT */;
/*!40101 SET @OLD_CHARACTER_SET_RESULTS=@@CHARACTER_SET_RESULTS */;
/*!40101 SET @OLD_COLLATION_CONNECTION=@@COLLATION_CONNECTION */;
/*!40101 SET NAMES utf8 */;

--
-- Database: `mmadb`
--

-- --------------------------------------------------------

--
-- Table structure for table `accessleveltb`
--

CREATE TABLE IF NOT EXISTS `accessleveltb` (
  `accessLevelID` int(100) NOT NULL,
  `description` varchar(300) COLLATE utf16_bin NOT NULL
) ENGINE=InnoDB AUTO_INCREMENT=2 DEFAULT CHARSET=utf16 COLLATE=utf16_bin;

--
-- Dumping data for table `accessleveltb`
--

INSERT INTO `accessleveltb` (`accessLevelID`, `description`) VALUES
(1, 'admin');

-- --------------------------------------------------------

--
-- Table structure for table `apppermissions`
--

CREATE TABLE IF NOT EXISTS `apppermissions` (
  `id` int(11) NOT NULL,
  `app_id` int(11) NOT NULL,
  `label` varchar(255) NOT NULL,
  `description` varchar(255) NOT NULL
) ENGINE=InnoDB DEFAULT CHARSET=latin1;

-- --------------------------------------------------------

--
-- Table structure for table `browserapp`
--

CREATE TABLE IF NOT EXISTS `browserapp` (
  `browserAppID` int(11) NOT NULL,
  `browserID` int(11) NOT NULL,
  `name` varchar(100) COLLATE utf16_bin NOT NULL
) ENGINE=InnoDB DEFAULT CHARSET=utf16 COLLATE=utf16_bin COMMENT='This table holds the name descriptions of the browsing aplications in the mobile';

-- --------------------------------------------------------

--
-- Table structure for table `browsertb`
--

CREATE TABLE IF NOT EXISTS `browsertb` (
  `browserID` int(100) NOT NULL COMMENT 'This can be the browser release version',
  `name` varchar(150) COLLATE utf16_bin NOT NULL COMMENT 'Actual name of browser'
) ENGINE=InnoDB AUTO_INCREMENT=3 DEFAULT CHARSET=utf16 COLLATE=utf16_bin COMMENT='The reason for seperating visitedWebsiteTb and browsertb is to eliminate a *..*';

--
-- Dumping data for table `browsertb`
--

INSERT INTO `browsertb` (`browserID`, `name`) VALUES
(1, 'Chrome'),
(2, 'Default');

-- --------------------------------------------------------

--
-- Table structure for table `calltb`
--

CREATE TABLE IF NOT EXISTS `calltb` (
  `callID` int(100) NOT NULL,
  `deviceID` int(100) NOT NULL,
  `type` varchar(20) COLLATE utf16_bin NOT NULL COMMENT 'Recieved or Missed or Dailed',
  `source` varchar(150) COLLATE utf16_bin NOT NULL,
  `destination` varchar(150) COLLATE utf16_bin NOT NULL,
  `datetime` datetime NOT NULL,
  `duration` time NOT NULL
) ENGINE=InnoDB AUTO_INCREMENT=1978 DEFAULT CHARSET=utf16 COLLATE=utf16_bin;

--
-- Dumping data for table `calltb`
--

INSERT INTO `calltb` (`callID`, `deviceID`, `type`, `source`, `destination`, `datetime`, `duration`) VALUES
(990, 62, 'Dialled', '+27799258700', '', '2015-03-05 16:51:07', '00:00:00'),
(991, 62, 'Dialled', '+27799258700', '', '2015-03-05 16:52:37', '00:00:00'),
(992, 62, 'Dialled', '+27799258700', '', '2015-03-05 16:51:59', '00:00:00'),
(993, 62, 'Dialled', '+27799258700', '', '2015-03-05 17:01:38', '00:00:50'),
(994, 62, 'Dialled', '+27799258700', '', '2015-03-05 19:50:40', '00:00:00'),
(995, 62, 'Dialled', '+27799258700', '', '2015-03-05 19:51:25', '00:00:00'),
(996, 62, 'Dialled', '+27799258700', '', '2015-03-05 19:54:11', '00:03:53'),
(997, 62, 'Dialled', '+27799258700', '', '2015-03-06 17:40:43', '00:01:07'),
(998, 62, 'Dialled', '+27799258700', '', '2015-03-06 17:42:09', '00:00:00'),
(999, 62, 'Dialled', '+27799258700', '', '2015-03-06 17:43:10', '00:00:35'),
(1000, 62, 'Dialled', '+27765661770', '', '2015-03-06 19:28:24', '00:00:06'),
(1001, 62, 'Dialled', '+27765661770', '', '2015-03-06 17:44:48', '00:00:49'),
(1002, 62, 'Dialled', '+27765661770', '', '2015-03-06 19:28:58', '00:00:00'),
(1003, 62, 'Dialled', '+27765661770', '', '2015-03-06 19:30:17', '00:00:25'),
(1004, 62, 'Dialled', '+27765661770', '', '2015-03-06 19:30:58', '00:00:14'),
(1005, 62, 'Dialled', '0844756661', '', '2015-03-06 19:34:07', '00:00:10'),
(1006, 62, 'Dialled', '0844756661', '', '2015-03-06 19:34:38', '00:00:04'),
(1007, 62, 'Dialled', '0844756661', '', '2015-03-06 19:35:03', '00:00:11'),
(1008, 62, 'Dialled', '0844756661', '', '2015-03-06 19:35:39', '00:01:56'),
(1009, 62, 'Dialled', '0844756661', '', '2015-03-06 19:38:33', '00:00:00'),
(1010, 62, 'Dialled', '0844756661', '', '2015-03-06 19:38:14', '00:00:00'),
(1011, 62, 'Dialled', '+27765661770', '', '2015-03-06 19:43:18', '00:00:37'),
(1012, 62, 'Dialled', '+27799258700', '', '2015-03-06 19:38:53', '00:03:40'),
(1013, 62, 'Dialled', '0739054952', '', '2015-03-06 20:15:28', '00:00:04'),
(1014, 62, 'Dialled', '0844756661', '', '2015-03-06 20:17:30', '00:00:12'),
(1015, 62, 'Dialled', '0747749232', '', '2015-03-06 20:31:04', '00:00:02'),
(1016, 62, 'Dialled', '0739054952', '', '2015-03-06 20:31:27', '00:00:54'),
(1017, 62, 'Dialled', '+27799258700', '', '2015-03-06 22:24:35', '00:07:07'),
(1018, 62, 'Dialled', '0829351745', '', '2015-03-06 22:42:55', '00:00:00'),
(1019, 62, 'Dialled', '+27799258700', '', '2015-03-07 01:26:41', '00:00:00'),
(1020, 62, 'Missed', '+27832152636', '', '2015-03-07 11:44:44', '00:00:00'),
(1021, 62, 'Dialled', '+27832152636', '', '2015-03-07 12:37:55', '00:00:02'),
(1022, 62, 'Dialled', '+27765661770', '', '2015-03-07 12:38:36', '00:00:44'),
(1023, 62, 'Dialled', '0817680447', '', '2015-03-07 19:28:30', '00:00:00'),
(1024, 62, 'Dialled', '+27765661770', '', '2015-03-07 19:26:54', '00:00:40'),
(1025, 62, 'Dialled', '0827680447', '', '2015-03-07 19:28:47', '00:00:18'),
(1026, 62, 'Received', '+27827680447', '', '2015-03-07 19:29:38', '00:00:12'),
(1027, 62, 'Dialled', '+27765661770', '', '2015-03-07 22:23:20', '00:00:00'),
(1028, 62, 'Dialled', '+27765661770', '', '2015-03-07 21:51:30', '00:00:56'),
(1029, 62, 'Dialled', '+27799258700', '', '2015-03-07 22:23:39', '00:01:43'),
(1030, 62, 'Dialled', '+27765661770', '', '2015-03-08 00:07:10', '00:00:00'),
(1031, 62, 'Dialled', '+27765661770', '', '2015-03-08 00:07:38', '00:00:00'),
(1032, 62, 'Dialled', '+27799258700', '', '2015-03-08 01:14:58', '00:00:00'),
(1033, 62, 'Received', '-2', '', '2015-03-09 10:37:14', '00:00:14'),
(1034, 62, 'Dialled', '+27799258700', '', '2015-03-08 22:46:48', '00:01:47'),
(1035, 62, 'Received', '+27799258700', '', '2015-03-08 10:00:33', '00:00:21'),
(1036, 62, 'Dialled', '+27799258700', '', '2015-03-10 21:51:22', '00:00:00'),
(1037, 62, 'Dialled', '+27799258700', '', '2015-03-09 14:35:58', '00:04:36'),
(1038, 62, 'Dialled', '+27799258700', '', '2015-03-10 22:33:19', '00:00:00'),
(1039, 62, 'Dialled', '+27799258700', '', '2015-03-10 21:51:48', '00:00:00'),
(1040, 62, 'Dialled', '+27799258700', '', '2015-03-11 00:04:12', '00:00:00'),
(1041, 62, 'Dialled', '+27799258700', '', '2015-03-11 00:09:24', '00:00:00'),
(1042, 62, 'Dialled', '0711376117', '', '2015-03-11 20:06:10', '00:01:05'),
(1043, 62, 'Dialled', '+27765661770', '', '2015-03-11 20:41:31', '00:00:09'),
(1044, 62, 'Dialled', '+27799258700', '', '2015-03-11 20:59:36', '00:00:46'),
(1045, 62, 'Dialled', '0795449512', '', '2015-03-11 22:01:55', '00:00:09'),
(1046, 62, 'Dialled', '+27799258700', '', '2015-03-11 20:57:52', '00:00:25'),
(1047, 62, 'Dialled', '+27799258700', '', '2015-03-11 22:30:29', '00:01:47'),
(1048, 62, 'Dialled', '+27799258700', '', '2015-03-11 23:29:55', '00:00:00'),
(1049, 62, 'Dialled', '+27799258700', '', '2015-03-12 00:13:23', '00:00:33'),
(1050, 62, 'Dialled', '+27721644766', '', '2015-03-12 09:36:38', '00:00:24'),
(1051, 62, 'Dialled', '+27799258700', '', '2015-03-12 14:12:53', '00:00:00'),
(1052, 62, 'Dialled', '+27799258700', '', '2015-03-12 15:50:04', '00:00:00'),
(1053, 62, 'Dialled', '+27799258700', '', '2015-03-12 15:51:11', '00:00:00'),
(1054, 62, 'Dialled', '+27799258700', '', '2015-03-12 15:51:45', '00:00:00'),
(1055, 62, 'Dialled', '+27799258700', '', '2015-03-12 15:53:41', '00:00:00'),
(1056, 62, 'Dialled', '+27799258700', '', '2015-03-13 09:29:07', '00:00:00'),
(1057, 62, 'Dialled', '+27765661770', '', '2015-03-13 16:06:52', '00:00:07'),
(1058, 62, 'Dialled', '+27799258700', '', '2015-03-12 18:48:18', '00:00:00'),
(1059, 62, 'Dialled', '+27799258700', '', '2015-03-14 11:05:52', '00:02:35'),
(1060, 62, 'Dialled', '+27799258700', '', '2015-03-15 00:06:24', '00:00:37'),
(1061, 62, 'Dialled', '+27765661770', '', '2015-03-15 00:07:42', '00:00:12'),
(1062, 62, 'Dialled', '+27799258700', '', '2015-03-17 20:03:31', '00:00:34'),
(1063, 62, 'Dialled', '+27799258700', '', '2015-03-17 20:04:50', '00:00:44'),
(1064, 62, 'Dialled', '+27799258700', '', '2015-03-17 21:39:07', '00:01:47'),
(1065, 62, 'Dialled', '+27799258700', '', '2015-03-17 23:44:25', '00:04:00'),
(1066, 62, 'Dialled', '+27799258700', '', '2015-03-19 18:33:44', '00:00:15'),
(1067, 62, 'Dialled', '+27765661770', '', '2015-03-20 16:49:33', '00:00:43'),
(1068, 62, 'Dialled', '+27799258700', '', '2015-03-30 21:37:50', '00:01:27'),
(1069, 62, 'Dialled', '+27799258700', '', '2015-03-30 18:20:30', '00:00:00'),
(1070, 62, 'Dialled', '0721949345', '', '2015-03-30 22:22:52', '00:00:17'),
(1071, 62, 'Dialled', '072194945', '', '2015-03-30 22:22:21', '00:00:00'),
(1072, 62, 'Dialled', '+27799258700', '', '2015-03-31 11:59:25', '00:01:43'),
(1073, 62, 'Dialled', '+27799258700', '', '2015-03-31 16:54:57', '00:00:50'),
(1074, 62, 'Dialled', '+27765661770', '', '2015-04-11 20:16:37', '00:00:00'),
(1075, 62, 'Dialled', '+27765661770', '', '2015-04-11 20:27:31', '00:01:34'),
(1076, 62, 'Dialled', '+27765661770', '', '2015-04-12 08:21:15', '00:00:00'),
(1077, 62, 'Dialled', '+27765661770', '', '2015-04-12 08:20:58', '00:00:00'),
(1078, 62, 'Dialled', '+27765661770', '', '2015-04-12 08:20:42', '00:00:00'),
(1079, 62, 'Dialled', '+27765661770', '', '2015-04-12 08:34:52', '00:00:37'),
(1080, 62, 'Dialled', '+27799258700', '', '2015-04-13 19:08:00', '00:00:00'),
(1081, 62, 'Dialled', '+27799258700', '', '2015-04-13 19:35:24', '00:04:41'),
(1082, 62, 'Dialled', '+27765661770', '', '2015-04-12 08:51:44', '00:00:25'),
(1083, 62, 'Dialled', '+27799258700', '', '2015-04-13 19:55:06', '00:01:36'),
(1084, 62, 'Dialled', '0786765037', '', '2015-04-14 14:44:49', '00:01:11'),
(1085, 62, 'Dialled', '0832881031', '', '2015-04-14 14:36:24', '00:00:57'),
(1086, 62, 'Dialled', '+27799258700', '', '2015-04-14 19:54:23', '00:00:00'),
(1087, 62, 'Dialled', '+27799258700', '', '2015-04-14 19:53:32', '00:00:04'),
(1088, 62, 'Dialled', '+27799258700', '', '2015-04-14 21:24:59', '00:01:29'),
(1089, 62, 'Dialled', '+27799258700', '', '2015-04-15 19:14:43', '00:02:40'),
(1090, 62, 'Dialled', '+27799258700', '', '2015-04-15 19:19:02', '00:00:00'),
(1091, 62, 'Dialled', '+27799258700', '', '2015-04-15 19:19:23', '00:02:44'),
(1092, 62, 'Dialled', '+27799258700', '', '2015-04-15 21:45:33', '00:04:09'),
(1093, 62, 'Dialled', '+27765661770', '', '2015-04-16 15:08:00', '00:00:00'),
(1094, 62, 'Dialled', '+27799258700', '', '2015-04-16 18:37:06', '00:01:52'),
(1095, 62, 'Dialled', '+27799258700', '', '2015-04-16 18:10:04', '00:00:00'),
(1096, 62, 'Dialled', '+27799258700', '', '2015-04-16 18:39:19', '00:00:47'),
(1097, 62, 'Dialled', '83556672', '', '2015-04-16 18:11:05', '00:00:00'),
(1098, 62, 'Dialled', '+27799258700', '', '2015-04-16 20:06:03', '00:00:00'),
(1099, 62, 'Dialled', '+27799258700', '', '2015-04-16 20:06:50', '00:00:00'),
(1100, 62, 'Dialled', '+27799258700', '', '2015-04-16 22:34:08', '00:00:00'),
(1101, 62, 'Dialled', '+27799258700', '', '2015-04-16 21:38:49', '00:00:00'),
(1102, 62, 'Dialled', '0790831414', '', '2015-04-17 02:17:43', '00:00:00'),
(1103, 62, 'Dialled', '+27799258700', '', '2015-04-16 23:16:05', '00:02:24'),
(1104, 62, 'Dialled', '+27765661770', '', '2015-04-17 15:31:05', '00:00:46'),
(1105, 62, 'Dialled', '+27799258700', '', '2015-04-17 15:28:43', '00:00:43'),
(1106, 62, 'Dialled', '0790831414', '', '2015-04-17 16:40:49', '00:00:00'),
(1107, 62, 'Dialled', '+27799258700', '', '2015-04-17 16:41:10', '00:00:00'),
(1108, 62, 'Dialled', '+27799258700', '', '2015-04-17 16:42:01', '00:00:00'),
(1109, 62, 'Dialled', '+27765661770', '', '2015-04-17 16:45:10', '00:00:00'),
(1110, 62, 'Dialled', '+27799258700', '', '2015-04-17 16:46:06', '00:00:00'),
(1111, 62, 'Dialled', '+27799258700', '', '2015-04-17 19:11:43', '00:00:12'),
(1112, 62, 'Dialled', '+27799258700', '', '2015-04-17 17:42:09', '00:00:31'),
(1113, 62, 'Received', '+27612897780', '', '2015-04-17 16:53:18', '00:00:14'),
(1114, 62, 'Missed', '+27799258700', '', '2015-04-17 19:35:43', '00:00:00'),
(1115, 62, 'Missed', '+27812834398', '', '2015-04-18 09:06:39', '00:00:00'),
(1116, 62, 'Dialled', '+27765661770', '', '2015-04-20 08:23:20', '00:00:12'),
(1117, 62, 'Dialled', '+27765661770', '', '2015-04-20 09:28:13', '00:00:03'),
(1118, 62, 'Dialled', '+27799258700', '', '2015-04-20 10:20:03', '00:00:00'),
(1119, 62, 'Dialled', '+27799258700', '', '2015-04-20 10:42:36', '00:02:37'),
(1120, 62, 'Dialled', '+27765661770', '', '2015-04-20 14:41:54', '00:00:08'),
(1121, 62, 'Missed', '0765661770', '', '2015-04-20 14:57:02', '00:00:00'),
(1122, 62, 'Missed', '0765661770', '', '2015-04-20 14:54:18', '00:00:00'),
(1123, 62, 'Dialled', '0765661770', '', '2015-04-20 14:58:21', '00:00:14'),
(1124, 62, 'Dialled', '+27799258700', '', '2015-04-20 15:53:53', '00:00:00'),
(1125, 62, 'Dialled', '+27799258700', '', '2015-04-20 16:36:56', '00:00:42'),
(1126, 62, 'Missed', '0765661770', '', '2015-04-20 15:01:02', '00:00:00'),
(1127, 62, 'Dialled', '+27799258700', '', '2015-04-20 18:56:27', '00:02:38'),
(1128, 62, 'Missed', '+27765661770', '', '2015-04-21 11:54:44', '00:00:00'),
(1129, 62, 'Missed', '+27765661770', '', '2015-04-21 12:10:31', '00:00:00'),
(1130, 62, 'Received', '+27765661770', '', '2015-04-21 12:38:48', '00:00:06'),
(1131, 62, 'Received', '+27765661770', '', '2015-04-21 12:41:16', '00:00:05'),
(1132, 62, 'Dialled', '+27799258700', '', '2015-04-24 07:38:41', '00:00:28'),
(1133, 62, 'Dialled', '+27799258700', '', '2015-04-24 22:48:32', '00:01:26'),
(1134, 62, 'Dialled', '+27799258700', '', '2015-04-24 21:56:11', '00:02:00'),
(1135, 62, 'Dialled', '+27799258700', '', '2015-04-25 00:16:35', '00:00:09'),
(1136, 62, 'Dialled', '+27799258700', '', '2015-04-25 00:17:09', '00:00:00'),
(1137, 62, 'Dialled', '+27765661770', '', '2015-04-25 11:43:04', '00:00:28'),
(1138, 62, 'Dialled', '+27799258700', '', '2015-04-25 19:52:30', '00:00:00'),
(1139, 62, 'Dialled', '+27765661770', '', '2015-04-25 19:53:21', '00:00:13'),
(1140, 62, 'Dialled', '+27799258700', '', '2015-04-25 19:53:53', '00:00:00'),
(1141, 62, 'Dialled', '+27799258700', '', '2015-04-25 19:54:55', '00:00:00'),
(1142, 62, 'Dialled', '+27799258700', '', '2015-04-25 20:58:41', '00:00:00'),
(1143, 62, 'Dialled', '+27799258700', '', '2015-04-25 20:59:30', '00:00:00'),
(1144, 62, 'Dialled', '+27799258700', '', '2015-04-25 21:00:22', '00:00:00'),
(1145, 62, 'Dialled', '+27799258700', '', '2015-04-25 21:04:02', '00:00:28'),
(1146, 62, 'Dialled', '+27799258700', '', '2015-04-25 21:21:08', '00:01:11'),
(1147, 62, 'Dialled', '+27799258700', '', '2015-04-26 01:51:48', '00:00:00'),
(1148, 62, 'Dialled', '+27799258700', '', '2015-04-26 01:45:32', '00:00:00'),
(1149, 62, 'Dialled', '+27799258700', '', '2015-04-26 19:38:14', '00:00:00'),
(1150, 62, 'Dialled', '+27829351745', '', '2015-04-26 16:49:54', '00:00:00'),
(1151, 62, 'Dialled', '+27799258700', '', '2015-04-26 19:38:52', '00:03:30'),
(1152, 62, 'Dialled', '+27799258700', '', '2015-04-27 21:31:15', '00:00:00'),
(1153, 62, 'Dialled', '+27799258700', '', '2015-04-27 21:39:56', '00:02:02'),
(1154, 62, 'Dialled', '+27799258700', '', '2015-04-27 21:46:14', '00:00:00'),
(1155, 62, 'Dialled', '+27799258700', '', '2015-04-27 21:42:19', '00:00:00'),
(1156, 62, 'Dialled', '+27799258700', '', '2015-04-28 01:00:02', '00:00:21'),
(1157, 62, 'Dialled', '+27799258700', '', '2015-04-28 13:40:20', '00:01:29'),
(1158, 62, 'Received', '+27799258700', '', '2015-05-02 12:44:33', '00:00:17'),
(1159, 62, 'Dialled', '+27765661770', '', '2015-05-08 20:20:42', '00:00:12'),
(1160, 62, 'Missed', '+27799258700', '', '2015-05-10 21:57:50', '00:00:00'),
(1161, 62, 'Missed', '+27799258700', '', '2015-05-10 22:03:18', '00:00:00'),
(1162, 62, 'Missed', '+27799258700', '', '2015-05-10 22:04:00', '00:00:00'),
(1163, 62, 'Dialled', '0765661770', '', '2015-05-12 23:11:22', '00:00:00'),
(1164, 62, 'Received', '+27799258700', '', '2015-05-13 17:13:38', '00:00:08'),
(1165, 62, 'Dialled', '0790831414', '', '2015-05-18 21:26:13', '00:00:00'),
(1166, 62, 'Received', '+27612897780', '', '2015-05-15 19:33:15', '00:00:40'),
(1167, 62, 'Dialled', '+27799258700', '', '2015-05-19 14:23:05', '00:00:00'),
(1168, 62, 'Dialled', '+27799258700', '', '2015-05-19 14:22:01', '00:00:00'),
(1169, 62, 'Dialled', '+27765661770', '', '2015-05-19 15:35:08', '00:00:30'),
(1170, 62, 'Dialled', '+27799258700', '', '2015-05-19 17:08:46', '00:00:55'),
(1171, 62, 'Dialled', '+27799258700', '', '2015-05-21 23:22:39', '00:00:00'),
(1172, 62, 'Dialled', '+27840001593', '', '2015-05-19 17:33:17', '00:00:00'),
(1173, 62, 'Dialled', '+27799258700', '', '2015-05-21 23:22:57', '00:00:00'),
(1174, 62, 'Dialled', '+27799258700', '', '2015-05-21 23:47:35', '00:01:21'),
(1175, 62, 'Dialled', '*101', '', '2015-05-22 02:31:31', '00:00:00'),
(1176, 62, 'Dialled', '+27799258700', '', '2015-05-22 18:17:52', '00:00:00'),
(1177, 62, 'Dialled', '+27765661770', '', '2015-05-22 18:18:41', '00:00:45'),
(1178, 62, 'Dialled', '+27799258700', '', '2015-05-22 18:30:59', '00:00:00'),
(1179, 62, 'Dialled', '+27799258700', '', '2015-05-22 18:33:24', '00:00:00'),
(1180, 62, 'Dialled', '+27844756661', '', '2015-05-22 18:34:28', '00:00:00'),
(1181, 62, 'Dialled', '+27844756661', '', '2015-05-22 18:35:14', '00:00:00'),
(1182, 62, 'Dialled', '+27799258700', '', '2015-05-22 18:37:08', '00:00:00'),
(1183, 62, 'Dialled', '+27840001593', '', '2015-05-22 18:37:49', '00:00:00'),
(1184, 62, 'Dialled', '+27840001597', '', '2015-05-22 18:37:33', '00:00:00'),
(1185, 62, 'Dialled', '+27799258700', '', '2015-05-22 18:37:59', '00:00:40'),
(1186, 62, 'Dialled', '+27799258700', '', '2015-05-22 19:25:08', '00:00:00'),
(1187, 62, 'Dialled', '+27844756661', '', '2015-05-22 19:34:24', '00:00:42'),
(1188, 62, 'Dialled', '+27799258700', '', '2015-05-22 19:32:08', '00:00:00'),
(1189, 62, 'Dialled', '+27799258700', '', '2015-05-22 19:26:22', '00:00:00'),
(1190, 62, 'Dialled', '+27799258700', '', '2015-05-22 19:42:14', '00:00:47'),
(1191, 62, 'Dialled', '+27799258700', '', '2015-05-22 19:38:05', '00:00:00'),
(1192, 62, 'Dialled', '+27794662016', '', '2015-05-22 19:47:14', '00:00:03'),
(1193, 62, 'Dialled', '+27799258700', '', '2015-05-23 14:01:10', '00:00:59'),
(1194, 62, 'Dialled', '+27765661770', '', '2015-05-22 20:02:38', '00:00:24'),
(1195, 62, 'Dialled', '+27799258700', '', '2015-05-23 14:02:43', '00:03:19'),
(1196, 62, 'Dialled', '+27794662016', '', '2015-05-23 14:25:23', '00:01:13'),
(1197, 62, 'Dialled', '+27799258700', '', '2015-05-23 17:15:38', '00:00:55'),
(1198, 62, 'Dialled', '+27765661770', '', '2015-05-23 16:16:07', '00:01:02'),
(1199, 62, 'Dialled', '+27799258700', '', '2015-05-23 18:05:41', '00:00:01'),
(1200, 62, 'Dialled', '+27799258700', '', '2015-05-23 18:06:17', '00:01:55'),
(1201, 62, 'Dialled', '+27765661770', '', '2015-05-23 18:08:50', '00:00:59'),
(1202, 62, 'Dialled', '+27799258700', '', '2015-05-23 21:07:32', '00:00:00'),
(1203, 62, 'Dialled', '+27799258700', '', '2015-05-23 21:08:29', '00:00:00'),
(1204, 62, 'Dialled', '+27799258700', '', '2015-05-23 21:34:38', '00:01:19'),
(1205, 62, 'Dialled', '0799258700', '', '2015-05-27 00:10:18', '00:00:00'),
(1206, 62, 'Dialled', '+27799258700', '', '2015-05-28 11:02:13', '00:00:00'),
(1207, 62, 'Missed', '+27790831414', '', '2015-05-26 18:57:29', '00:00:00'),
(1208, 62, 'Missed', '+27790831414', '', '2015-05-26 18:56:45', '00:00:00'),
(1209, 62, 'Dialled', '+27799258700', '', '2015-05-28 15:44:15', '00:02:37'),
(1210, 62, 'Dialled', '+27799258700', '', '2015-05-28 22:43:28', '00:01:52'),
(1211, 62, 'Dialled', '+27799258700', '', '2015-05-29 17:21:21', '00:00:00'),
(1212, 62, 'Dialled', '+27799258700', '', '2015-05-29 17:21:51', '00:00:59'),
(1213, 62, 'Dialled', '+27799258700', '', '2015-05-29 17:23:26', '00:01:25'),
(1214, 62, 'Dialled', '+27799258700', '', '2015-05-29 20:35:01', '00:00:11'),
(1215, 62, 'Dialled', '+27799258700', '', '2015-05-29 20:37:15', '00:00:18'),
(1216, 62, 'Dialled', '+27799258700', '', '2015-05-29 23:55:11', '00:00:24'),
(1217, 62, 'Dialled', '+27799258700', '', '2015-05-30 01:47:58', '00:00:31'),
(1218, 62, 'Dialled', '+27799258700', '', '2015-05-30 07:17:17', '00:00:22'),
(1219, 62, 'Dialled', '+27799258700', '', '2015-05-30 07:18:44', '00:00:00'),
(1220, 62, 'Dialled', '+27799258700', '', '2015-05-30 07:17:59', '00:00:00'),
(1221, 62, 'Dialled', '+27799258700', '', '2015-05-30 16:44:32', '00:00:00'),
(1222, 62, 'Dialled', '+27799258700', '', '2015-05-30 07:19:22', '00:00:00'),
(1223, 62, 'Dialled', '+27799258700', '', '2015-05-30 16:43:33', '00:00:00'),
(1224, 62, 'Dialled', '+27799258700', '', '2015-05-30 16:45:01', '00:00:00'),
(1225, 62, 'Dialled', '+27799258700', '', '2015-05-30 19:26:02', '00:00:00'),
(1226, 62, 'Dialled', '+27799258700', '', '2015-05-30 16:45:21', '00:00:00'),
(1227, 62, 'Dialled', '+27799258700', '', '2015-05-30 19:26:46', '00:00:00'),
(1228, 62, 'Dialled', '+27799258700', '', '2015-05-30 21:20:25', '00:00:00'),
(1229, 62, 'Dialled', '+27799258700', '', '2015-05-30 21:21:10', '00:00:00'),
(1230, 62, 'Dialled', '0721802442', '', '2015-06-08 14:37:43', '00:00:17'),
(1231, 62, 'Dialled', '+27799258700', '', '2015-06-09 22:08:31', '00:00:44'),
(1232, 62, 'Dialled', '*1019', '', '2015-06-08 14:35:55', '00:00:00'),
(1233, 62, 'Dialled', '+27799258700', '', '2015-06-10 00:16:58', '00:00:44'),
(1234, 62, 'Dialled', '+27799258700', '', '2015-06-10 00:50:30', '00:00:00'),
(1235, 62, 'Dialled', '+27799258700', '', '2015-06-10 00:50:10', '00:00:00'),
(1236, 62, 'Dialled', '+27765661770', '', '2015-06-12 15:19:48', '00:00:16'),
(1237, 62, 'Dialled', '0845957227', '', '2015-06-12 22:15:29', '00:00:00'),
(1238, 62, 'Dialled', '+27799258700', '', '2015-06-14 03:38:36', '00:04:43'),
(1239, 62, 'Dialled', '*102*3992056045129', '', '2015-06-30 13:02:40', '00:00:00'),
(1240, 62, 'Dialled', '*102*3992056045129', '', '2015-06-30 13:03:17', '00:00:00'),
(1241, 62, 'Dialled', '0797496944', '', '2015-06-30 13:07:55', '00:00:34'),
(1242, 62, 'Dialled', '0721048302', '', '2015-06-30 13:31:03', '00:02:34'),
(1243, 62, 'Dialled', '0729153303', '', '2015-06-30 13:09:04', '00:00:32'),
(1244, 62, 'Dialled', '0799258700', '', '2015-06-30 16:59:35', '00:00:00'),
(1245, 62, 'Dialled', '0799258700', '', '2015-06-30 16:58:43', '00:00:00'),
(1246, 62, 'Dialled', '+27799258700', '', '2015-06-30 17:05:03', '00:01:13'),
(1247, 62, 'Dialled', '0729153303', '', '2015-07-01 14:40:52', '00:00:45'),
(1248, 62, 'Dialled', '0799258700', '', '2015-07-01 19:28:38', '00:02:20'),
(1249, 62, 'Dialled', '+27728917020', '', '2015-07-01 17:13:56', '00:00:00'),
(1250, 62, 'Dialled', '0799258700', '', '2015-07-01 22:02:05', '00:00:00'),
(1251, 62, 'Dialled', '0799258700', '', '2015-07-02 00:55:58', '00:00:00'),
(1252, 62, 'Dialled', '+27799258700', '', '2015-07-02 01:02:42', '00:00:22'),
(1253, 62, 'Dialled', '0799258700', '', '2015-07-02 00:56:55', '00:00:37'),
(1254, 62, 'Dialled', '+27799258700', '', '2015-07-02 12:31:09', '00:00:00'),
(1255, 62, 'Dialled', '+27799258700', '', '2015-07-02 12:32:10', '00:00:00'),
(1256, 62, 'Dialled', '0729153303', '', '2015-07-02 13:16:10', '00:00:38'),
(1257, 62, 'Dialled', '0729153303', '', '2015-07-02 13:33:10', '00:00:13'),
(1258, 62, 'Missed', '+27799258700', '', '2015-07-02 14:29:15', '00:00:00'),
(1259, 62, 'Missed', '+27799258700', '', '2015-07-02 14:31:52', '00:00:00'),
(1260, 62, 'Missed', '+27799258700', '', '2015-07-02 14:29:56', '00:00:00'),
(1261, 62, 'Missed', '+27799258700', '', '2015-07-02 14:31:12', '00:00:00'),
(1262, 62, 'Missed', '+27799258700', '', '2015-07-02 14:30:31', '00:00:00'),
(1263, 62, 'Dialled', '+27799258700', '', '2015-07-02 17:09:04', '00:00:00'),
(1264, 62, 'Missed', '+27799258700', '', '2015-07-04 04:32:25', '00:00:00'),
(1265, 62, 'Missed', '+27799258700', '', '2015-07-04 04:33:03', '00:00:00'),
(1266, 62, 'Dialled', '+27799258700', '', '2015-07-02 17:11:19', '00:01:55'),
(1267, 62, 'Missed', '+27799258700', '', '2015-07-04 11:06:25', '00:00:00'),
(1268, 62, 'Received', '+27799258700', '', '2015-07-04 14:22:40', '00:00:14'),
(1269, 62, 'Dialled', '*101', '', '2015-07-04 20:19:11', '00:00:00'),
(1270, 62, 'Dialled', '0729153303', '', '2015-07-06 13:54:00', '00:00:00'),
(1271, 62, 'Dialled', '0729153303', '', '2015-07-06 13:54:44', '00:00:39'),
(1272, 62, 'Missed', '+27790831414', '', '2015-07-06 22:22:15', '00:00:00'),
(1273, 62, 'Missed', '+27790831414', '', '2015-07-06 22:31:33', '00:00:00'),
(1274, 62, 'Missed', '+27790831414', '', '2015-07-06 22:32:15', '00:00:00'),
(1275, 62, 'Received', '+27790831414', '', '2015-07-06 22:32:45', '00:00:04'),
(1276, 62, 'Received', '+27790831414', '', '2015-07-06 22:37:03', '00:00:03'),
(1277, 62, 'Received', '+27790831414', '', '2015-07-06 22:39:35', '00:00:03'),
(1278, 62, 'Dialled', '0790831414', '', '2015-07-06 22:41:29', '00:00:00'),
(1279, 62, 'Missed', '+27790831414', '', '2015-07-06 22:40:21', '00:00:00'),
(1280, 62, 'Dialled', '+27799258700', '', '2015-07-07 08:13:02', '00:00:00'),
(1281, 62, 'Dialled', '+27840001593', '', '2015-07-07 08:13:18', '00:00:00'),
(1282, 62, 'Dialled', '+27840031646', '', '2015-07-07 08:13:30', '00:00:00'),
(1283, 62, 'Dialled', '0790831414', '', '2015-07-07 08:13:41', '00:00:00'),
(1284, 62, 'Dialled', '+27799258700', '', '2015-07-07 08:13:54', '00:00:00'),
(1285, 62, 'Dialled', '+27799258700', '', '2015-07-07 11:02:29', '00:00:43'),
(1286, 62, 'Dialled', '+27799258700', '', '2015-07-07 19:22:02', '00:00:38'),
(1287, 62, 'Dialled', '0790831414', '', '2015-07-07 20:07:16', '00:00:00'),
(1288, 62, 'Dialled', '0790831414', '', '2015-07-07 20:07:52', '00:00:00'),
(1289, 62, 'Dialled', '0790831414', '', '2015-07-07 20:09:02', '00:00:00'),
(1290, 62, 'Dialled', '+27799258700', '', '2015-07-07 21:59:53', '00:00:00'),
(1291, 62, 'Dialled', '+27799258700', '', '2015-07-07 22:00:27', '00:00:44'),
(1292, 62, 'Dialled', '+27794662016', '', '2015-07-08 10:24:21', '00:00:09'),
(1293, 62, 'Dialled', '+27794662016', '', '2015-07-08 11:16:12', '00:00:29'),
(1294, 62, 'Missed', '+27794662016', '', '2015-07-08 10:45:02', '00:00:00'),
(1295, 62, 'Received', '+27799258700', '', '2015-07-08 11:17:21', '00:00:40'),
(1296, 62, 'Dialled', '+27794662016', '', '2015-07-08 11:18:49', '00:00:00'),
(1297, 62, 'Missed', '+27794662016', '', '2015-07-08 11:46:47', '00:00:00'),
(1298, 62, 'Missed', '+27794662016', '', '2015-07-08 11:45:53', '00:00:00'),
(1299, 62, 'Missed', '+27799258700', '', '2015-07-08 13:18:18', '00:00:00'),
(1300, 62, 'Dialled', '144', '', '2015-07-08 19:38:25', '00:02:05'),
(1301, 62, 'Received', '+27794662016', '', '2015-07-09 12:46:27', '00:01:46'),
(1302, 62, 'Dialled', '+27794662016', '', '2015-07-09 11:19:32', '00:00:02'),
(1303, 62, 'Dialled', '+27728917020', '', '2015-07-09 22:18:56', '00:00:09'),
(1304, 62, 'Missed', '+27799258700', '', '2015-07-10 00:33:52', '00:00:00'),
(1305, 62, 'Dialled', '+27799258700', '', '2015-07-10 22:20:24', '00:00:00'),
(1306, 62, 'Dialled', '+27799258700', '', '2015-07-10 22:21:28', '00:00:00'),
(1307, 62, 'Received', '+27799258700', '', '2015-07-10 22:29:06', '00:00:12'),
(1308, 62, 'Dialled', '+27799258700', '', '2015-07-11 15:09:47', '00:00:00'),
(1309, 62, 'Dialled', '+27799258700', '', '2015-07-11 15:10:18', '00:00:00'),
(1310, 62, 'Dialled', '+27799258700', '', '2015-07-11 15:51:54', '00:01:21'),
(1311, 62, 'Dialled', '0765661770', '', '2015-07-11 15:15:01', '00:00:36'),
(1312, 62, 'Dialled', '+27799258700', '', '2015-07-11 22:32:23', '00:02:25'),
(1313, 62, 'Dialled', '+27794662016', '', '2015-07-19 14:48:42', '00:00:00'),
(1314, 62, 'Missed', '+27794662016', '', '2015-07-19 15:05:50', '00:00:00'),
(1315, 62, 'Missed', '+27794662016', '', '2015-07-19 15:50:56', '00:00:00'),
(1316, 62, 'Dialled', '+27799258700', '', '2015-07-19 17:17:13', '00:02:55'),
(1317, 62, 'Missed', '+27765661770', '', '2015-07-20 18:59:32', '00:00:00'),
(1318, 62, 'Dialled', '+27799258700', '', '2015-07-20 23:00:11', '00:00:00'),
(1319, 62, 'Dialled', '+27799258700', '', '2015-07-20 23:00:44', '00:00:00'),
(1320, 62, 'Dialled', '0765661770', '', '2015-07-21 13:20:26', '00:00:20'),
(1321, 62, 'Dialled', '0765661770', '', '2015-07-21 13:24:23', '00:00:07'),
(1322, 62, 'Dialled', '+27799258700', '', '2015-07-21 21:33:45', '00:01:32'),
(1323, 62, 'Dialled', '0765661770', '', '2015-07-21 11:03:43', '00:00:14'),
(1324, 62, 'Dialled', '+27799258700', '', '2015-07-23 01:04:10', '00:02:39'),
(1325, 62, 'Dialled', '+27794662016', '', '2015-07-23 07:23:58', '00:01:53'),
(1326, 62, 'Missed', '+27765661770', '', '2015-07-23 16:37:57', '00:00:00'),
(1327, 62, 'Received', '+27765661770', '', '2015-07-23 16:38:21', '00:00:08'),
(1328, 62, 'Dialled', '+27829351745', '', '2015-07-31 12:59:38', '00:00:00'),
(1329, 62, 'Dialled', '+27829351745', '', '2015-07-24 12:06:16', '00:00:34'),
(1330, 62, 'Received', '+27765661770', '', '2015-07-31 16:43:35', '00:00:43'),
(1331, 62, 'Missed', '+27799258700', '', '2015-08-02 13:40:17', '00:00:00'),
(1332, 62, 'Missed', '+27799258700', '', '2015-08-02 15:43:58', '00:00:00'),
(1333, 62, 'Dialled', '0799258700', '', '2015-08-05 12:28:25', '00:00:00'),
(1334, 62, 'Missed', '+27799258700', '', '2015-08-05 12:32:46', '00:00:00'),
(1335, 62, 'Dialled', '0799258700', '', '2015-08-05 12:11:24', '00:01:53'),
(1336, 62, 'Dialled', '+27799258700', '', '2015-08-05 12:48:21', '00:00:29'),
(1337, 62, 'Dialled', '+27799258700', '', '2015-08-05 12:49:24', '00:00:09'),
(1338, 62, 'Dialled', '+27799258700', '', '2015-08-07 20:59:40', '00:03:28'),
(1339, 62, 'Dialled', '0765661770', '', '2015-08-09 14:54:24', '00:00:00'),
(1340, 62, 'Missed', '+27765661770', '', '2015-08-09 14:38:21', '00:00:00'),
(1341, 62, 'Dialled', '0765661770', '', '2015-08-09 14:54:46', '00:00:00'),
(1342, 62, 'Dialled', '0727808769', '', '2015-08-13 13:01:43', '00:00:00'),
(1343, 62, 'Dialled', '+27829351745', '', '2015-08-13 14:28:06', '00:00:25'),
(1344, 62, 'Dialled', '+27728917020', '', '2015-08-13 16:39:21', '00:00:00'),
(1345, 62, 'Dialled', '+27728917020', '', '2015-08-13 16:40:06', '00:00:00'),
(1346, 62, 'Dialled', '0765661770', '', '2015-08-13 16:51:54', '00:00:04'),
(1347, 62, 'Dialled', '+27799258700', '', '2015-08-13 17:40:52', '00:00:12'),
(1348, 62, 'Dialled', '+27799258700', '', '2015-08-13 17:41:27', '00:02:55'),
(1349, 62, 'Dialled', '+27799258700', '', '2015-08-23 11:18:29', '00:00:00'),
(1350, 62, 'Dialled', '+27799258700', '', '2015-08-23 12:09:20', '00:00:00'),
(1351, 62, 'Dialled', '+27799258700', '', '2015-08-23 12:11:02', '00:01:28'),
(1352, 62, 'Dialled', '+27799258700', '', '2015-08-23 12:12:54', '00:07:22'),
(1353, 62, 'Missed', '+27799258700', '', '2015-08-23 14:48:17', '00:00:00'),
(1354, 62, 'Missed', '+27799258700', '', '2015-08-23 14:47:11', '00:00:00'),
(1355, 62, 'Received', '+27799258700', '', '2015-08-23 14:50:28', '00:00:29'),
(1356, 62, 'Missed', '+27799258700', '', '2015-08-23 14:51:37', '00:00:00'),
(1357, 62, 'Dialled', '+27799258700', '', '2015-08-23 14:53:53', '00:00:00'),
(1358, 62, 'Dialled', '+27799258700', '', '2015-08-23 14:53:08', '00:00:17'),
(1359, 62, 'Dialled', '+27799258700', '', '2015-08-23 14:54:32', '00:01:34'),
(1360, 62, 'Missed', '+27799258700', '', '2015-08-23 15:06:49', '00:00:00'),
(1361, 62, 'Dialled', '+27799258700', '', '2015-08-23 15:09:22', '00:00:19'),
(1362, 62, 'Dialled', '0794662016', '', '2015-08-23 18:23:39', '00:02:09'),
(1363, 62, 'Dialled', '+27799258700', '', '2015-08-23 15:17:25', '00:01:45'),
(1364, 62, 'Dialled', '0727808769', '', '2015-08-23 15:17:14', '00:00:00'),
(1365, 62, 'Dialled', '0794662016', '', '2015-08-25 12:29:01', '00:00:31'),
(1366, 62, 'Received', '+27794662016', '', '2015-08-25 12:33:07', '00:00:51'),
(1367, 62, 'Dialled', '0794662016', '', '2015-08-25 12:34:37', '00:01:19'),
(1368, 62, 'Received', '+27794662016', '', '2015-08-25 12:36:22', '00:00:11'),
(1369, 62, 'Dialled', '+27794662016', '', '2015-08-25 13:44:50', '00:00:03'),
(1370, 62, 'Missed', '+27794662016', '', '2015-08-25 14:22:57', '00:00:00'),
(1371, 62, 'Missed', '+27794662016', '', '2015-08-25 14:23:45', '00:00:00'),
(1372, 62, 'Received', '+27794662016', '', '2015-08-25 14:33:19', '00:00:11'),
(1373, 62, 'Dialled', '+27794662016', '', '2015-08-25 14:32:49', '00:00:01'),
(1374, 62, 'Dialled', '+27794662016', '', '2015-08-25 14:38:23', '00:00:17'),
(1375, 62, 'Dialled', '0715369090', '', '2015-09-03 14:35:35', '00:00:10'),
(1376, 62, 'Dialled', '0715369090', '', '2015-09-03 14:36:07', '00:01:44'),
(1377, 62, 'Missed', '+27799258700', '', '2015-09-06 02:33:29', '00:00:00'),
(1378, 62, 'Dialled', '+27794662016', '', '2015-09-08 18:58:41', '00:00:02'),
(1379, 62, 'Dialled', '0799258700', '', '2015-09-09 00:29:15', '00:00:00'),
(1380, 62, 'Dialled', '0799258700', '', '2015-09-09 03:56:53', '00:00:44'),
(1381, 62, 'Dialled', '+27794662016', '', '2015-09-09 14:41:00', '00:00:42'),
(1382, 62, 'Dialled', '+27799258700', '', '2015-09-09 04:00:38', '00:00:11'),
(1383, 62, 'Received', '+27794662016', '', '2015-09-09 14:42:16', '00:00:10'),
(1384, 62, 'Dialled', '0715369090', '', '2015-09-09 17:29:42', '00:00:14'),
(1385, 62, 'Dialled', '+27799258700', '', '2015-09-09 17:30:23', '00:00:00'),
(1386, 62, 'Dialled', '0715369090', '', '2015-09-09 17:30:39', '00:00:00'),
(1387, 62, 'Dialled', '+27799258700', '', '2015-09-09 17:31:35', '00:00:00'),
(1388, 62, 'Dialled', '0715369090', '', '2015-09-10 14:35:37', '00:00:00'),
(1389, 62, 'Dialled', '+27799258700', '', '2015-09-10 21:58:53', '00:00:00'),
(1390, 62, 'Dialled', '+27799258700', '', '2015-09-10 22:00:00', '00:03:11'),
(1391, 62, 'Dialled', '+27799258700', '', '2015-09-10 22:06:28', '00:01:17'),
(1392, 62, 'Dialled', '0715369090', '', '2015-09-11 10:03:35', '00:01:19'),
(1393, 62, 'Dialled', '0715369090', '', '2015-09-11 10:01:53', '00:00:52'),
(1394, 62, 'Dialled', '+27799258700', '', '2015-09-11 10:36:21', '00:02:55'),
(1395, 62, 'Dialled', '0765661770', '', '2015-09-11 18:32:57', '00:00:57'),
(1396, 62, 'Dialled', '+27799258700', '', '2015-09-11 16:47:11', '00:02:45'),
(1397, 62, 'Dialled', '0715369090', '', '2015-09-11 18:34:25', '00:01:13'),
(1398, 62, 'Received', '+27799258700', '', '2015-09-11 19:04:37', '00:00:11'),
(1399, 62, 'Dialled', '+27799258700', '', '2015-09-11 19:06:39', '00:00:13'),
(1400, 62, 'Dialled', '+27799258700', '', '2015-09-11 19:18:56', '00:00:37'),
(1401, 62, 'Dialled', '+27799258700', '', '2015-09-17 19:13:07', '00:00:00'),
(1402, 62, 'Dialled', '0765661770', '', '2015-09-14 13:26:41', '00:00:20'),
(1403, 62, 'Dialled', '0765661770', '', '2015-09-14 09:19:37', '00:00:00'),
(1404, 62, 'Dialled', '0765661770', '', '2015-09-14 09:19:07', '00:00:00'),
(1405, 62, 'Dialled', '0765661770', '', '2015-09-17 19:13:30', '00:00:37'),
(1406, 62, 'Missed', '+27765661770', '', '2015-09-17 19:19:46', '00:00:00'),
(1407, 62, 'Missed', '+27765661770', '', '2015-09-17 19:24:29', '00:00:00'),
(1408, 62, 'Missed', '+27765661770', '', '2015-09-17 19:22:11', '00:00:00'),
(1409, 62, 'Dialled', '+27815007729', '', '2015-09-30 15:01:00', '00:01:50'),
(1410, 62, 'Missed', '+27765661770', '', '2015-09-17 19:26:13', '00:00:00'),
(1411, 62, 'Dialled', '+27799258700', '', '2015-09-19 00:34:07', '00:01:02'),
(1412, 62, 'Dialled', '+27799258700', '', '2015-09-25 16:28:50', '00:05:03'),
(1413, 62, 'Dialled', '+27815007729', '', '2015-09-30 15:04:36', '00:00:10'),
(1414, 62, 'Dialled', '0765661770', '', '2015-10-01 15:06:20', '00:00:00'),
(1415, 62, 'Dialled', '+27844756661', '', '2015-10-01 15:21:08', '00:01:11'),
(1416, 62, 'Missed', '+27765661770', '', '2015-10-01 16:00:24', '00:00:00'),
(1417, 62, 'Dialled', '0765661770', '', '2015-10-01 16:23:48', '00:00:00'),
(1418, 62, 'Dialled', '+27765661770', '', '2015-10-01 16:24:00', '00:00:00'),
(1419, 62, 'Dialled', '0765661770', '', '2015-10-01 16:23:33', '00:00:00'),
(1420, 62, 'Dialled', '+27765661770', '', '2015-10-01 16:28:50', '00:00:45'),
(1421, 62, 'Dialled', '+27765661770', '', '2015-10-02 18:53:59', '00:00:11'),
(1422, 62, 'Dialled', '+27844756661', '', '2015-10-03 14:23:58', '00:00:24'),
(1423, 62, 'Dialled', '0715904352', '', '2015-10-03 14:44:56', '00:00:07'),
(1424, 62, 'Dialled', '0715904352', '', '2015-10-03 14:45:23', '00:00:00'),
(1425, 62, 'Dialled', '0715904352', '', '2015-10-03 14:45:36', '00:00:04'),
(1426, 62, 'Dialled', '0715904352', '', '2015-10-03 14:46:25', '00:00:00'),
(1427, 62, 'Dialled', '0765661770', '', '2015-10-03 14:47:19', '00:00:20'),
(1428, 62, 'Dialled', '0715904352', '', '2015-10-03 14:48:04', '00:00:00'),
(1429, 62, 'Dialled', '0715904352', '', '2015-10-03 14:51:42', '00:00:00'),
(1430, 62, 'Dialled', '0715904352', '', '2015-10-03 14:48:29', '00:00:00'),
(1431, 62, 'Dialled', '0715904352', '', '2015-10-03 14:56:10', '00:00:02'),
(1432, 62, 'Dialled', '0765661770', '', '2015-10-03 14:57:06', '00:00:00'),
(1433, 62, 'Dialled', '0715904352', '', '2015-10-03 16:51:00', '00:00:01'),
(1434, 62, 'Dialled', '0715904352', '', '2015-10-03 15:08:17', '00:00:01'),
(1435, 62, 'Dialled', '0715904352', '', '2015-10-03 15:01:47', '00:00:00'),
(1436, 62, 'Dialled', '0715904352', '', '2015-10-03 15:09:07', '00:00:01'),
(1437, 62, 'Dialled', '0765661770', '', '2015-10-03 20:14:48', '00:00:00'),
(1438, 62, 'Dialled', '0765661770', '', '2015-10-05 18:06:00', '00:01:38'),
(1439, 62, 'Dialled', '+27844756661', '', '2015-10-05 18:58:52', '00:01:10'),
(1440, 62, 'Dialled', '0765661770', '', '2015-10-03 20:15:06', '00:00:00'),
(1441, 62, 'Dialled', '0799258700', '', '2015-10-05 21:28:14', '00:00:00'),
(1442, 62, 'Dialled', '0799258700', '', '2015-10-05 21:31:18', '00:05:32'),
(1443, 62, 'Dialled', '+27793870133', '', '2015-10-06 00:11:56', '00:01:40'),
(1444, 62, 'Dialled', '+27793870133', '', '2015-10-06 00:09:52', '00:00:00'),
(1445, 62, 'Dialled', '0765661770', '', '2015-10-06 15:41:54', '00:00:00'),
(1446, 62, 'Dialled', '+27765661770', '', '2015-10-06 17:15:07', '00:00:44'),
(1447, 62, 'Dialled', '0799258700', '', '2015-10-06 18:28:06', '00:02:05'),
(1448, 62, 'Dialled', '0799258700', '', '2015-10-06 22:27:22', '00:02:51'),
(1449, 62, 'Received', '+27799258700', '', '2015-10-07 21:11:35', '00:00:41'),
(1450, 62, 'Dialled', '+27799258700', '', '2015-10-07 22:08:15', '00:00:00'),
(1451, 62, 'Dialled', '+27799258700', '', '2015-10-07 23:43:36', '00:04:22'),
(1452, 62, 'Received', '+27799258700', '', '2015-10-08 01:54:37', '00:00:09'),
(1453, 62, 'Missed', '+27797907630', '', '2015-10-08 17:40:50', '00:00:00'),
(1454, 62, 'Dialled', '+27799258700', '', '2015-10-09 20:02:32', '00:01:24'),
(1455, 62, 'Dialled', '+27793870133', '', '2015-10-09 20:52:27', '00:02:05'),
(1456, 62, 'Dialled', '+27799258700', '', '2015-10-10 01:23:14', '00:00:00'),
(1457, 62, 'Dialled', '+27765661770', '', '2015-10-10 13:18:43', '00:01:03'),
(1458, 62, 'Dialled', '+27799258700', '', '2015-10-09 22:27:50', '00:01:44'),
(1459, 62, 'Dialled', '+27799258700', '', '2015-10-11 16:15:31', '00:03:29'),
(1460, 62, 'Dialled', '+27799258700', '', '2015-10-11 15:57:22', '00:00:00'),
(1461, 62, 'Dialled', '*102*58', '', '2015-10-11 15:40:01', '00:00:00'),
(1462, 62, 'Dialled', '+27815007729', '', '2015-10-11 16:28:42', '00:01:34'),
(1463, 62, 'Received', '+27765661770', '', '2015-10-12 18:12:22', '00:00:17'),
(1464, 62, 'Received', '+27815007729', '', '2015-10-13 16:36:02', '00:01:07'),
(1465, 62, 'Received', '+27765661770', '', '2015-10-12 19:15:37', '00:00:09'),
(1466, 62, 'Missed', '+27797907630', '', '2015-10-15 23:51:42', '00:00:00'),
(1467, 62, 'Received', '+27799258700', '', '2015-10-18 14:54:36', '00:00:18'),
(1468, 62, 'Dialled', '+27799258700', '', '2015-10-26 12:55:19', '00:00:17'),
(1469, 62, 'Dialled', '+27840001593', '', '2015-10-26 12:56:17', '00:00:00'),
(1470, 62, 'Dialled', '+27799258700', '', '2015-10-26 12:56:32', '00:00:25'),
(1471, 62, 'Dialled', '+27765661770', '', '2015-10-26 13:00:00', '00:00:46'),
(1472, 62, 'Dialled', '+27799258700', '', '2015-10-26 13:20:10', '00:00:00'),
(1473, 62, 'Dialled', '+27799258700', '', '2015-10-26 13:19:03', '00:00:00'),
(1474, 62, 'Dialled', '+27799258700', '', '2015-10-26 13:21:12', '00:00:00'),
(1475, 62, 'Dialled', '+27799258700', '', '2015-10-26 13:22:22', '00:00:00'),
(1476, 62, 'Dialled', '+27799258700', '', '2015-10-26 13:23:23', '00:00:00'),
(1477, 62, 'Dialled', '+27799258700', '', '2015-10-26 13:31:13', '00:00:31'),
(1478, 62, 'Dialled', '+27737715011', '', '2015-10-26 14:15:46', '00:01:01'),
(1479, 62, 'Dialled', '+27799258700', '', '2015-10-26 17:09:54', '00:01:17'),
(1480, 62, 'Dialled', '+27793870133', '', '2015-10-26 17:14:56', '00:00:00'),
(1481, 62, 'Dialled', '0799258700', '', '2015-10-26 17:15:53', '00:00:12'),
(1482, 62, 'Dialled', '+27799258700', '', '2015-10-26 17:37:26', '00:01:05'),
(1483, 62, 'Dialled', '+27723582515', '', '2015-10-26 21:01:53', '00:05:15'),
(1484, 62, 'Dialled', '+27799258700', '', '2015-03-05 16:51:07', '00:00:00'),
(1485, 62, 'Dialled', '+27799258700', '', '2015-03-05 16:51:59', '00:00:00'),
(1486, 62, 'Dialled', '+27799258700', '', '2015-03-05 16:52:37', '00:00:00'),
(1487, 62, 'Dialled', '+27799258700', '', '2015-03-05 17:01:38', '00:00:50'),
(1488, 62, 'Dialled', '+27799258700', '', '2015-03-05 19:50:40', '00:00:00'),
(1489, 62, 'Dialled', '+27799258700', '', '2015-03-05 19:51:25', '00:00:00'),
(1490, 62, 'Dialled', '+27799258700', '', '2015-03-05 19:54:11', '00:03:53'),
(1491, 62, 'Dialled', '+27799258700', '', '2015-03-06 17:42:09', '00:00:00'),
(1492, 62, 'Dialled', '+27799258700', '', '2015-03-06 17:40:43', '00:01:07'),
(1493, 62, 'Dialled', '+27799258700', '', '2015-03-06 17:43:10', '00:00:35'),
(1494, 62, 'Dialled', '+27765661770', '', '2015-03-06 17:44:48', '00:00:49'),
(1495, 62, 'Dialled', '+27765661770', '', '2015-03-06 19:28:24', '00:00:06'),
(1496, 62, 'Dialled', '+27765661770', '', '2015-03-06 19:30:17', '00:00:25'),
(1497, 62, 'Dialled', '+27765661770', '', '2015-03-06 19:30:58', '00:00:14'),
(1498, 62, 'Dialled', '+27765661770', '', '2015-03-06 19:28:58', '00:00:00'),
(1499, 62, 'Dialled', '0844756661', '', '2015-03-06 19:34:07', '00:00:10'),
(1500, 62, 'Dialled', '0844756661', '', '2015-03-06 19:34:38', '00:00:04'),
(1501, 62, 'Dialled', '0844756661', '', '2015-03-06 19:35:39', '00:01:56'),
(1502, 62, 'Dialled', '0844756661', '', '2015-03-06 19:35:03', '00:00:11'),
(1503, 62, 'Dialled', '0844756661', '', '2015-03-06 19:38:14', '00:00:00'),
(1504, 62, 'Dialled', '0844756661', '', '2015-03-06 19:38:33', '00:00:00'),
(1505, 62, 'Dialled', '+27765661770', '', '2015-03-06 19:43:18', '00:00:37'),
(1506, 62, 'Dialled', '+27799258700', '', '2015-03-06 19:38:53', '00:03:40'),
(1507, 62, 'Dialled', '0739054952', '', '2015-03-06 20:15:28', '00:00:04'),
(1508, 62, 'Dialled', '0844756661', '', '2015-03-06 20:17:30', '00:00:12'),
(1509, 62, 'Dialled', '0747749232', '', '2015-03-06 20:31:04', '00:00:02'),
(1510, 62, 'Dialled', '0739054952', '', '2015-03-06 20:31:27', '00:00:54'),
(1511, 62, 'Dialled', '+27799258700', '', '2015-03-06 22:24:35', '00:07:07'),
(1512, 62, 'Dialled', '0829351745', '', '2015-03-06 22:42:55', '00:00:00'),
(1513, 62, 'Dialled', '+27799258700', '', '2015-03-07 01:26:41', '00:00:00'),
(1514, 62, 'Missed', '+27832152636', '', '2015-03-07 11:44:44', '00:00:00'),
(1515, 62, 'Dialled', '+27832152636', '', '2015-03-07 12:37:55', '00:00:02'),
(1516, 62, 'Dialled', '+27765661770', '', '2015-03-07 12:38:36', '00:00:44'),
(1517, 62, 'Dialled', '0817680447', '', '2015-03-07 19:28:30', '00:00:00'),
(1518, 62, 'Dialled', '+27765661770', '', '2015-03-07 19:26:54', '00:00:40'),
(1519, 62, 'Dialled', '0827680447', '', '2015-03-07 19:28:47', '00:00:18'),
(1520, 62, 'Received', '+27827680447', '', '2015-03-07 19:29:38', '00:00:12'),
(1521, 62, 'Dialled', '+27765661770', '', '2015-03-07 21:51:30', '00:00:56'),
(1522, 62, 'Dialled', '+27765661770', '', '2015-03-07 22:23:20', '00:00:00'),
(1523, 62, 'Dialled', '+27799258700', '', '2015-03-07 22:23:39', '00:01:43'),
(1524, 62, 'Dialled', '+27765661770', '', '2015-03-08 00:07:10', '00:00:00'),
(1525, 62, 'Dialled', '+27799258700', '', '2015-03-08 01:14:58', '00:00:00'),
(1526, 62, 'Dialled', '+27765661770', '', '2015-03-08 00:07:38', '00:00:00'),
(1527, 62, 'Received', '+27799258700', '', '2015-03-08 10:00:33', '00:00:21'),
(1528, 62, 'Dialled', '+27799258700', '', '2015-03-08 22:46:48', '00:01:47'),
(1529, 62, 'Dialled', '+27799258700', '', '2015-03-09 14:35:58', '00:04:36'),
(1530, 62, 'Received', '-2', '', '2015-03-09 10:37:14', '00:00:14'),
(1531, 62, 'Dialled', '+27799258700', '', '2015-03-10 21:51:22', '00:00:00'),
(1532, 62, 'Dialled', '+27799258700', '', '2015-03-10 22:33:19', '00:00:00'),
(1533, 62, 'Dialled', '+27799258700', '', '2015-03-11 00:04:12', '00:00:00'),
(1534, 62, 'Dialled', '+27799258700', '', '2015-03-10 21:51:48', '00:00:00'),
(1535, 62, 'Dialled', '+27799258700', '', '2015-03-11 00:09:24', '00:00:00'),
(1536, 62, 'Dialled', '+27765661770', '', '2015-03-11 20:41:31', '00:00:09'),
(1537, 62, 'Dialled', '+27799258700', '', '2015-03-11 20:59:36', '00:00:46'),
(1538, 62, 'Dialled', '+27799258700', '', '2015-03-11 20:57:52', '00:00:25'),
(1539, 62, 'Dialled', '0711376117', '', '2015-03-11 20:06:10', '00:01:05'),
(1540, 62, 'Dialled', '0795449512', '', '2015-03-11 22:01:55', '00:00:09'),
(1541, 62, 'Dialled', '+27799258700', '', '2015-03-11 22:30:29', '00:01:47'),
(1542, 62, 'Dialled', '+27799258700', '', '2015-03-12 00:13:23', '00:00:33'),
(1543, 62, 'Dialled', '+27799258700', '', '2015-03-11 23:29:55', '00:00:00'),
(1544, 62, 'Dialled', '+27799258700', '', '2015-03-12 14:12:53', '00:00:00'),
(1545, 62, 'Dialled', '+27799258700', '', '2015-03-12 15:50:04', '00:00:00'),
(1546, 62, 'Dialled', '+27721644766', '', '2015-03-12 09:36:38', '00:00:24'),
(1547, 62, 'Dialled', '+27799258700', '', '2015-03-12 15:51:11', '00:00:00'),
(1548, 62, 'Dialled', '+27799258700', '', '2015-03-12 15:53:41', '00:00:00'),
(1549, 62, 'Dialled', '+27799258700', '', '2015-03-12 15:51:45', '00:00:00'),
(1550, 62, 'Dialled', '+27799258700', '', '2015-03-12 18:48:18', '00:00:00'),
(1551, 62, 'Dialled', '+27799258700', '', '2015-03-13 09:29:07', '00:00:00'),
(1552, 62, 'Dialled', '+27765661770', '', '2015-03-13 16:06:52', '00:00:07'),
(1553, 62, 'Dialled', '+27799258700', '', '2015-03-14 11:05:52', '00:02:35'),
(1554, 62, 'Dialled', '+27799258700', '', '2015-03-15 00:06:24', '00:00:37'),
(1555, 62, 'Dialled', '+27765661770', '', '2015-03-15 00:07:42', '00:00:12'),
(1556, 62, 'Dialled', '+27799258700', '', '2015-03-17 20:03:31', '00:00:34'),
(1557, 62, 'Dialled', '+27799258700', '', '2015-03-17 20:04:50', '00:00:44'),
(1558, 62, 'Dialled', '+27799258700', '', '2015-03-17 23:44:25', '00:04:00'),
(1559, 62, 'Dialled', '+27799258700', '', '2015-03-17 21:39:07', '00:01:47'),
(1560, 62, 'Dialled', '+27799258700', '', '2015-03-19 18:33:44', '00:00:15'),
(1561, 62, 'Dialled', '+27765661770', '', '2015-03-20 16:49:33', '00:00:43'),
(1562, 62, 'Dialled', '+27799258700', '', '2015-03-30 21:37:50', '00:01:27'),
(1563, 62, 'Dialled', '+27799258700', '', '2015-03-30 18:20:30', '00:00:00'),
(1564, 62, 'Dialled', '072194945', '', '2015-03-30 22:22:21', '00:00:00'),
(1565, 62, 'Dialled', '0721949345', '', '2015-03-30 22:22:52', '00:00:17'),
(1566, 62, 'Dialled', '+27799258700', '', '2015-03-31 16:54:57', '00:00:50'),
(1567, 62, 'Dialled', '+27799258700', '', '2015-03-31 11:59:25', '00:01:43'),
(1568, 62, 'Dialled', '+27765661770', '', '2015-04-11 20:16:37', '00:00:00'),
(1569, 62, 'Dialled', '+27765661770', '', '2015-04-12 08:20:42', '00:00:00'),
(1570, 62, 'Dialled', '+27765661770', '', '2015-04-11 20:27:31', '00:01:34'),
(1571, 62, 'Dialled', '+27765661770', '', '2015-04-12 08:20:58', '00:00:00'),
(1572, 62, 'Dialled', '+27765661770', '', '2015-04-12 08:21:15', '00:00:00'),
(1573, 62, 'Dialled', '+27765661770', '', '2015-04-12 08:34:52', '00:00:37'),
(1574, 62, 'Dialled', '+27765661770', '', '2015-04-12 08:51:44', '00:00:25'),
(1575, 62, 'Dialled', '+27799258700', '', '2015-04-13 19:08:00', '00:00:00'),
(1576, 62, 'Dialled', '+27799258700', '', '2015-04-13 19:35:24', '00:04:41'),
(1577, 62, 'Dialled', '+27799258700', '', '2015-04-13 19:55:06', '00:01:36'),
(1578, 62, 'Dialled', '0832881031', '', '2015-04-14 14:36:24', '00:00:57'),
(1579, 62, 'Dialled', '+27799258700', '', '2015-04-14 19:53:32', '00:00:04'),
(1580, 62, 'Dialled', '0786765037', '', '2015-04-14 14:44:49', '00:01:11'),
(1581, 62, 'Dialled', '+27799258700', '', '2015-04-14 19:54:23', '00:00:00'),
(1582, 62, 'Dialled', '+27799258700', '', '2015-04-14 21:24:59', '00:01:29'),
(1583, 62, 'Dialled', '+27799258700', '', '2015-04-15 19:14:43', '00:02:40'),
(1584, 62, 'Dialled', '+27799258700', '', '2015-04-15 19:19:02', '00:00:00'),
(1585, 62, 'Dialled', '+27799258700', '', '2015-04-15 19:19:23', '00:02:44'),
(1586, 62, 'Dialled', '+27799258700', '', '2015-04-15 21:45:33', '00:04:09'),
(1587, 62, 'Dialled', '+27765661770', '', '2015-04-16 15:08:00', '00:00:00'),
(1588, 62, 'Dialled', '+27799258700', '', '2015-04-16 18:37:06', '00:01:52'),
(1589, 62, 'Dialled', '83556672', '', '2015-04-16 18:11:05', '00:00:00'),
(1590, 62, 'Dialled', '+27799258700', '', '2015-04-16 18:10:04', '00:00:00'),
(1591, 62, 'Dialled', '+27799258700', '', '2015-04-16 18:39:19', '00:00:47'),
(1592, 62, 'Dialled', '+27799258700', '', '2015-04-16 20:06:03', '00:00:00'),
(1593, 62, 'Dialled', '+27799258700', '', '2015-04-16 20:06:50', '00:00:00'),
(1594, 62, 'Dialled', '+27799258700', '', '2015-04-16 21:38:49', '00:00:00'),
(1595, 62, 'Dialled', '+27799258700', '', '2015-04-16 22:34:08', '00:00:00'),
(1596, 62, 'Dialled', '+27799258700', '', '2015-04-16 23:16:05', '00:02:24'),
(1597, 62, 'Dialled', '0790831414', '', '2015-04-17 02:17:43', '00:00:00'),
(1598, 62, 'Dialled', '+27799258700', '', '2015-04-17 15:28:43', '00:00:43'),
(1599, 62, 'Dialled', '+27765661770', '', '2015-04-17 15:31:05', '00:00:46'),
(1600, 62, 'Dialled', '0790831414', '', '2015-04-17 16:40:49', '00:00:00'),
(1601, 62, 'Dialled', '+27799258700', '', '2015-04-17 16:42:01', '00:00:00'),
(1602, 62, 'Dialled', '+27799258700', '', '2015-04-17 16:41:10', '00:00:00'),
(1603, 62, 'Dialled', '+27765661770', '', '2015-04-17 16:45:10', '00:00:00'),
(1604, 62, 'Dialled', '+27799258700', '', '2015-04-17 16:46:06', '00:00:00'),
(1605, 62, 'Dialled', '+27799258700', '', '2015-04-17 17:42:09', '00:00:31'),
(1606, 62, 'Received', '+27612897780', '', '2015-04-17 16:53:18', '00:00:14'),
(1607, 62, 'Dialled', '+27799258700', '', '2015-04-17 19:11:43', '00:00:12'),
(1608, 62, 'Missed', '+27799258700', '', '2015-04-17 19:35:43', '00:00:00'),
(1609, 62, 'Missed', '+27812834398', '', '2015-04-18 09:06:39', '00:00:00'),
(1610, 62, 'Dialled', '+27765661770', '', '2015-04-20 09:28:13', '00:00:03'),
(1611, 62, 'Dialled', '+27765661770', '', '2015-04-20 08:23:20', '00:00:12'),
(1612, 62, 'Dialled', '+27799258700', '', '2015-04-20 10:20:03', '00:00:00'),
(1613, 62, 'Dialled', '+27799258700', '', '2015-04-20 10:42:36', '00:02:37'),
(1614, 62, 'Missed', '0765661770', '', '2015-04-20 14:54:18', '00:00:00'),
(1615, 62, 'Dialled', '+27765661770', '', '2015-04-20 14:41:54', '00:00:08'),
(1616, 62, 'Missed', '0765661770', '', '2015-04-20 14:57:02', '00:00:00'),
(1617, 62, 'Dialled', '0765661770', '', '2015-04-20 14:58:21', '00:00:14'),
(1618, 62, 'Missed', '0765661770', '', '2015-04-20 15:01:02', '00:00:00'),
(1619, 62, 'Dialled', '+27799258700', '', '2015-04-20 15:53:53', '00:00:00'),
(1620, 62, 'Dialled', '+27799258700', '', '2015-04-20 16:36:56', '00:00:42'),
(1621, 62, 'Dialled', '+27799258700', '', '2015-04-20 18:56:27', '00:02:38'),
(1622, 62, 'Missed', '+27765661770', '', '2015-04-21 11:54:44', '00:00:00'),
(1623, 62, 'Missed', '+27765661770', '', '2015-04-21 12:10:31', '00:00:00'),
(1624, 62, 'Received', '+27765661770', '', '2015-04-21 12:38:48', '00:00:06'),
(1625, 62, 'Received', '+27765661770', '', '2015-04-21 12:41:16', '00:00:05'),
(1626, 62, 'Dialled', '+27799258700', '', '2015-04-24 07:38:41', '00:00:28'),
(1627, 62, 'Dialled', '+27799258700', '', '2015-04-24 21:56:11', '00:02:00'),
(1628, 62, 'Dialled', '+27799258700', '', '2015-04-24 22:48:32', '00:01:26'),
(1629, 62, 'Dialled', '+27799258700', '', '2015-04-25 00:16:35', '00:00:09'),
(1630, 62, 'Dialled', '+27799258700', '', '2015-04-25 00:17:09', '00:00:00'),
(1631, 62, 'Dialled', '+27765661770', '', '2015-04-25 11:43:04', '00:00:28'),
(1632, 62, 'Dialled', '+27799258700', '', '2015-04-25 19:52:30', '00:00:00'),
(1633, 62, 'Dialled', '+27765661770', '', '2015-04-25 19:53:21', '00:00:13'),
(1634, 62, 'Dialled', '+27799258700', '', '2015-04-25 19:53:53', '00:00:00'),
(1635, 62, 'Dialled', '+27799258700', '', '2015-04-25 19:54:55', '00:00:00'),
(1636, 62, 'Dialled', '+27799258700', '', '2015-04-25 20:58:41', '00:00:00'),
(1637, 62, 'Dialled', '+27799258700', '', '2015-04-25 20:59:30', '00:00:00'),
(1638, 62, 'Dialled', '+27799258700', '', '2015-04-25 21:00:22', '00:00:00'),
(1639, 62, 'Dialled', '+27799258700', '', '2015-04-25 21:04:02', '00:00:28'),
(1640, 62, 'Dialled', '+27799258700', '', '2015-04-25 21:21:08', '00:01:11'),
(1641, 62, 'Dialled', '+27799258700', '', '2015-04-26 01:45:32', '00:00:00'),
(1642, 62, 'Dialled', '+27829351745', '', '2015-04-26 16:49:54', '00:00:00'),
(1643, 62, 'Dialled', '+27799258700', '', '2015-04-26 01:51:48', '00:00:00'),
(1644, 62, 'Dialled', '+27799258700', '', '2015-04-26 19:38:14', '00:00:00'),
(1645, 62, 'Dialled', '+27799258700', '', '2015-04-27 21:31:15', '00:00:00'),
(1646, 62, 'Dialled', '+27799258700', '', '2015-04-26 19:38:52', '00:03:30'),
(1647, 62, 'Dialled', '+27799258700', '', '2015-04-27 21:39:56', '00:02:02'),
(1648, 62, 'Dialled', '+27799258700', '', '2015-04-27 21:42:19', '00:00:00'),
(1649, 62, 'Dialled', '+27799258700', '', '2015-04-27 21:46:14', '00:00:00'),
(1650, 62, 'Dialled', '+27799258700', '', '2015-04-28 01:00:02', '00:00:21');
INSERT INTO `calltb` (`callID`, `deviceID`, `type`, `source`, `destination`, `datetime`, `duration`) VALUES
(1651, 62, 'Dialled', '+27799258700', '', '2015-04-28 13:40:20', '00:01:29'),
(1652, 62, 'Dialled', '+27765661770', '', '2015-05-08 20:20:42', '00:00:12'),
(1653, 62, 'Missed', '+27799258700', '', '2015-05-10 21:57:50', '00:00:00'),
(1654, 62, 'Received', '+27799258700', '', '2015-05-02 12:44:33', '00:00:17'),
(1655, 62, 'Missed', '+27799258700', '', '2015-05-10 22:03:18', '00:00:00'),
(1656, 62, 'Missed', '+27799258700', '', '2015-05-10 22:04:00', '00:00:00'),
(1657, 62, 'Dialled', '0765661770', '', '2015-05-12 23:11:22', '00:00:00'),
(1658, 62, 'Received', '+27612897780', '', '2015-05-15 19:33:15', '00:00:40'),
(1659, 62, 'Received', '+27799258700', '', '2015-05-13 17:13:38', '00:00:08'),
(1660, 62, 'Dialled', '0790831414', '', '2015-05-18 21:26:13', '00:00:00'),
(1661, 62, 'Dialled', '+27765661770', '', '2015-05-19 15:35:08', '00:00:30'),
(1662, 62, 'Dialled', '+27799258700', '', '2015-05-19 14:22:01', '00:00:00'),
(1663, 62, 'Dialled', '+27799258700', '', '2015-05-19 14:23:05', '00:00:00'),
(1664, 62, 'Dialled', '+27799258700', '', '2015-05-19 17:08:46', '00:00:55'),
(1665, 62, 'Dialled', '+27840001593', '', '2015-05-19 17:33:17', '00:00:00'),
(1666, 62, 'Dialled', '+27799258700', '', '2015-05-21 23:22:57', '00:00:00'),
(1667, 62, 'Dialled', '+27799258700', '', '2015-05-21 23:22:39', '00:00:00'),
(1668, 62, 'Dialled', '*101', '', '2015-05-22 02:31:31', '00:00:00'),
(1669, 62, 'Dialled', '+27799258700', '', '2015-05-21 23:47:35', '00:01:21'),
(1670, 62, 'Dialled', '+27799258700', '', '2015-05-22 18:17:52', '00:00:00'),
(1671, 62, 'Dialled', '+27765661770', '', '2015-05-22 18:18:41', '00:00:45'),
(1672, 62, 'Dialled', '+27799258700', '', '2015-05-22 18:30:59', '00:00:00'),
(1673, 62, 'Dialled', '+27844756661', '', '2015-05-22 18:34:28', '00:00:00'),
(1674, 62, 'Dialled', '+27799258700', '', '2015-05-22 18:33:24', '00:00:00'),
(1675, 62, 'Dialled', '+27844756661', '', '2015-05-22 18:35:14', '00:00:00'),
(1676, 62, 'Dialled', '+27799258700', '', '2015-05-22 18:37:08', '00:00:00'),
(1677, 62, 'Dialled', '+27840001597', '', '2015-05-22 18:37:33', '00:00:00'),
(1678, 62, 'Dialled', '+27840001593', '', '2015-05-22 18:37:49', '00:00:00'),
(1679, 62, 'Dialled', '+27799258700', '', '2015-05-22 18:37:59', '00:00:40'),
(1680, 62, 'Dialled', '+27799258700', '', '2015-05-22 19:25:08', '00:00:00'),
(1681, 62, 'Dialled', '+27799258700', '', '2015-05-22 19:26:22', '00:00:00'),
(1682, 62, 'Dialled', '+27799258700', '', '2015-05-22 19:32:08', '00:00:00'),
(1683, 62, 'Dialled', '+27844756661', '', '2015-05-22 19:34:24', '00:00:42'),
(1684, 62, 'Dialled', '+27799258700', '', '2015-05-22 19:38:05', '00:00:00'),
(1685, 62, 'Dialled', '+27794662016', '', '2015-05-22 19:47:14', '00:00:03'),
(1686, 62, 'Dialled', '+27799258700', '', '2015-05-22 19:42:14', '00:00:47'),
(1687, 62, 'Dialled', '+27765661770', '', '2015-05-22 20:02:38', '00:00:24'),
(1688, 62, 'Dialled', '+27799258700', '', '2015-05-23 14:01:10', '00:00:59'),
(1689, 62, 'Dialled', '+27799258700', '', '2015-05-23 14:02:43', '00:03:19'),
(1690, 62, 'Dialled', '+27794662016', '', '2015-05-23 14:25:23', '00:01:13'),
(1691, 62, 'Dialled', '+27765661770', '', '2015-05-23 16:16:07', '00:01:02'),
(1692, 62, 'Dialled', '+27799258700', '', '2015-05-23 17:15:38', '00:00:55'),
(1693, 62, 'Dialled', '+27799258700', '', '2015-05-23 18:05:41', '00:00:01'),
(1694, 62, 'Dialled', '+27799258700', '', '2015-05-23 18:06:17', '00:01:55'),
(1695, 62, 'Dialled', '+27765661770', '', '2015-05-23 18:08:50', '00:00:59'),
(1696, 62, 'Dialled', '+27799258700', '', '2015-05-23 21:07:32', '00:00:00'),
(1697, 62, 'Dialled', '+27799258700', '', '2015-05-23 21:08:29', '00:00:00'),
(1698, 62, 'Dialled', '+27799258700', '', '2015-05-23 21:34:38', '00:01:19'),
(1699, 62, 'Missed', '+27790831414', '', '2015-05-26 18:56:45', '00:00:00'),
(1700, 62, 'Missed', '+27790831414', '', '2015-05-26 18:57:29', '00:00:00'),
(1701, 62, 'Dialled', '0799258700', '', '2015-05-27 00:10:18', '00:00:00'),
(1702, 62, 'Dialled', '+27799258700', '', '2015-05-28 11:02:13', '00:00:00'),
(1703, 62, 'Dialled', '+27799258700', '', '2015-05-28 15:44:15', '00:02:37'),
(1704, 62, 'Dialled', '+27799258700', '', '2015-05-28 22:43:28', '00:01:52'),
(1705, 62, 'Dialled', '+27799258700', '', '2015-05-29 17:21:21', '00:00:00'),
(1706, 62, 'Dialled', '+27799258700', '', '2015-05-29 17:21:51', '00:00:59'),
(1707, 62, 'Dialled', '+27799258700', '', '2015-05-29 17:23:26', '00:01:25'),
(1708, 62, 'Dialled', '+27799258700', '', '2015-05-29 20:35:01', '00:00:11'),
(1709, 62, 'Dialled', '+27799258700', '', '2015-05-29 20:37:15', '00:00:18'),
(1710, 62, 'Dialled', '+27799258700', '', '2015-05-29 23:55:11', '00:00:24'),
(1711, 62, 'Dialled', '+27799258700', '', '2015-05-30 01:47:58', '00:00:31'),
(1712, 62, 'Dialled', '+27799258700', '', '2015-05-30 07:17:59', '00:00:00'),
(1713, 62, 'Dialled', '+27799258700', '', '2015-05-30 07:17:17', '00:00:22'),
(1714, 62, 'Dialled', '+27799258700', '', '2015-05-30 07:18:44', '00:00:00'),
(1715, 62, 'Dialled', '+27799258700', '', '2015-05-30 07:19:22', '00:00:00'),
(1716, 62, 'Dialled', '+27799258700', '', '2015-05-30 16:44:32', '00:00:00'),
(1717, 62, 'Dialled', '+27799258700', '', '2015-05-30 16:43:33', '00:00:00'),
(1718, 62, 'Dialled', '+27799258700', '', '2015-05-30 16:45:21', '00:00:00'),
(1719, 62, 'Dialled', '+27799258700', '', '2015-05-30 16:45:01', '00:00:00'),
(1720, 62, 'Dialled', '+27799258700', '', '2015-05-30 19:26:02', '00:00:00'),
(1721, 62, 'Dialled', '+27799258700', '', '2015-05-30 19:26:46', '00:00:00'),
(1722, 62, 'Dialled', '+27799258700', '', '2015-05-30 21:20:25', '00:00:00'),
(1723, 62, 'Dialled', '*1019', '', '2015-06-08 14:35:55', '00:00:00'),
(1724, 62, 'Dialled', '+27799258700', '', '2015-05-30 21:21:10', '00:00:00'),
(1725, 62, 'Dialled', '0721802442', '', '2015-06-08 14:37:43', '00:00:17'),
(1726, 62, 'Dialled', '+27799258700', '', '2015-06-09 22:08:31', '00:00:44'),
(1727, 62, 'Dialled', '+27799258700', '', '2015-06-10 00:50:10', '00:00:00'),
(1728, 62, 'Dialled', '+27799258700', '', '2015-06-10 00:16:58', '00:00:44'),
(1729, 62, 'Dialled', '+27799258700', '', '2015-06-10 00:50:30', '00:00:00'),
(1730, 62, 'Dialled', '+27765661770', '', '2015-06-12 15:19:48', '00:00:16'),
(1731, 62, 'Dialled', '0845957227', '', '2015-06-12 22:15:29', '00:00:00'),
(1732, 62, 'Dialled', '*102*3992056045129', '', '2015-06-30 13:03:17', '00:00:00'),
(1733, 62, 'Dialled', '+27799258700', '', '2015-06-14 03:38:36', '00:04:43'),
(1734, 62, 'Dialled', '*102*3992056045129', '', '2015-06-30 13:02:40', '00:00:00'),
(1735, 62, 'Dialled', '0797496944', '', '2015-06-30 13:07:55', '00:00:34'),
(1736, 62, 'Dialled', '0729153303', '', '2015-06-30 13:09:04', '00:00:32'),
(1737, 62, 'Dialled', '0721048302', '', '2015-06-30 13:31:03', '00:02:34'),
(1738, 62, 'Dialled', '0799258700', '', '2015-06-30 16:58:43', '00:00:00'),
(1739, 62, 'Dialled', '0799258700', '', '2015-06-30 16:59:35', '00:00:00'),
(1740, 62, 'Dialled', '0729153303', '', '2015-07-01 14:40:52', '00:00:45'),
(1741, 62, 'Dialled', '+27799258700', '', '2015-06-30 17:05:03', '00:01:13'),
(1742, 62, 'Dialled', '+27728917020', '', '2015-07-01 17:13:56', '00:00:00'),
(1743, 62, 'Dialled', '0799258700', '', '2015-07-01 19:28:38', '00:02:20'),
(1744, 62, 'Dialled', '0799258700', '', '2015-07-01 22:02:05', '00:00:00'),
(1745, 62, 'Dialled', '0799258700', '', '2015-07-02 00:55:58', '00:00:00'),
(1746, 62, 'Dialled', '0799258700', '', '2015-07-02 00:56:55', '00:00:37'),
(1747, 62, 'Dialled', '+27799258700', '', '2015-07-02 01:02:42', '00:00:22'),
(1748, 62, 'Dialled', '+27799258700', '', '2015-07-02 12:31:09', '00:00:00'),
(1749, 62, 'Dialled', '0729153303', '', '2015-07-02 13:16:10', '00:00:38'),
(1750, 62, 'Dialled', '+27799258700', '', '2015-07-02 12:32:10', '00:00:00'),
(1751, 62, 'Dialled', '0729153303', '', '2015-07-02 13:33:10', '00:00:13'),
(1752, 62, 'Missed', '+27799258700', '', '2015-07-02 14:29:15', '00:00:00'),
(1753, 62, 'Missed', '+27799258700', '', '2015-07-02 14:29:56', '00:00:00'),
(1754, 62, 'Missed', '+27799258700', '', '2015-07-02 14:30:31', '00:00:00'),
(1755, 62, 'Missed', '+27799258700', '', '2015-07-02 14:31:12', '00:00:00'),
(1756, 62, 'Missed', '+27799258700', '', '2015-07-02 14:31:52', '00:00:00'),
(1757, 62, 'Dialled', '+27799258700', '', '2015-07-02 17:09:04', '00:00:00'),
(1758, 62, 'Dialled', '+27799258700', '', '2015-07-02 17:11:19', '00:01:55'),
(1759, 62, 'Missed', '+27799258700', '', '2015-07-04 04:32:25', '00:00:00'),
(1760, 62, 'Missed', '+27799258700', '', '2015-07-04 04:33:03', '00:00:00'),
(1761, 62, 'Missed', '+27799258700', '', '2015-07-04 11:06:25', '00:00:00'),
(1762, 62, 'Received', '+27799258700', '', '2015-07-04 14:22:40', '00:00:14'),
(1763, 62, 'Dialled', '*101', '', '2015-07-04 20:19:11', '00:00:00'),
(1764, 62, 'Dialled', '0729153303', '', '2015-07-06 13:54:00', '00:00:00'),
(1765, 62, 'Dialled', '0729153303', '', '2015-07-06 13:54:44', '00:00:39'),
(1766, 62, 'Missed', '+27790831414', '', '2015-07-06 22:22:15', '00:00:00'),
(1767, 62, 'Missed', '+27790831414', '', '2015-07-06 22:31:33', '00:00:00'),
(1768, 62, 'Missed', '+27790831414', '', '2015-07-06 22:32:15', '00:00:00'),
(1769, 62, 'Received', '+27790831414', '', '2015-07-06 22:32:45', '00:00:04'),
(1770, 62, 'Received', '+27790831414', '', '2015-07-06 22:37:03', '00:00:03'),
(1771, 62, 'Received', '+27790831414', '', '2015-07-06 22:39:35', '00:00:03'),
(1772, 62, 'Missed', '+27790831414', '', '2015-07-06 22:40:21', '00:00:00'),
(1773, 62, 'Dialled', '0790831414', '', '2015-07-06 22:41:29', '00:00:00'),
(1774, 62, 'Dialled', '+27840001593', '', '2015-07-07 08:13:18', '00:00:00'),
(1775, 62, 'Dialled', '+27799258700', '', '2015-07-07 08:13:02', '00:00:00'),
(1776, 62, 'Dialled', '+27840031646', '', '2015-07-07 08:13:30', '00:00:00'),
(1777, 62, 'Dialled', '0790831414', '', '2015-07-07 08:13:41', '00:00:00'),
(1778, 62, 'Dialled', '+27799258700', '', '2015-07-07 08:13:54', '00:00:00'),
(1779, 62, 'Dialled', '+27799258700', '', '2015-07-07 11:02:29', '00:00:43'),
(1780, 62, 'Dialled', '+27799258700', '', '2015-07-07 19:22:02', '00:00:38'),
(1781, 62, 'Dialled', '0790831414', '', '2015-07-07 20:07:16', '00:00:00'),
(1782, 62, 'Dialled', '0790831414', '', '2015-07-07 20:07:52', '00:00:00'),
(1783, 62, 'Dialled', '0790831414', '', '2015-07-07 20:09:02', '00:00:00'),
(1784, 62, 'Dialled', '+27799258700', '', '2015-07-07 22:00:27', '00:00:44'),
(1785, 62, 'Dialled', '+27799258700', '', '2015-07-07 21:59:53', '00:00:00'),
(1786, 62, 'Dialled', '+27794662016', '', '2015-07-08 10:24:21', '00:00:09'),
(1787, 62, 'Missed', '+27794662016', '', '2015-07-08 10:45:02', '00:00:00'),
(1788, 62, 'Received', '+27799258700', '', '2015-07-08 11:17:21', '00:00:40'),
(1789, 62, 'Dialled', '+27794662016', '', '2015-07-08 11:16:12', '00:00:29'),
(1790, 62, 'Dialled', '+27794662016', '', '2015-07-08 11:18:49', '00:00:00'),
(1791, 62, 'Missed', '+27794662016', '', '2015-07-08 11:45:53', '00:00:00'),
(1792, 62, 'Missed', '+27799258700', '', '2015-07-08 13:18:18', '00:00:00'),
(1793, 62, 'Missed', '+27794662016', '', '2015-07-08 11:46:47', '00:00:00'),
(1794, 62, 'Dialled', '+27794662016', '', '2015-07-09 11:19:32', '00:00:02'),
(1795, 62, 'Dialled', '+27728917020', '', '2015-07-09 22:18:56', '00:00:09'),
(1796, 62, 'Dialled', '144', '', '2015-07-08 19:38:25', '00:02:05'),
(1797, 62, 'Received', '+27794662016', '', '2015-07-09 12:46:27', '00:01:46'),
(1798, 62, 'Missed', '+27799258700', '', '2015-07-10 00:33:52', '00:00:00'),
(1799, 62, 'Dialled', '+27799258700', '', '2015-07-10 22:21:28', '00:00:00'),
(1800, 62, 'Dialled', '+27799258700', '', '2015-07-10 22:20:24', '00:00:00'),
(1801, 62, 'Received', '+27799258700', '', '2015-07-10 22:29:06', '00:00:12'),
(1802, 62, 'Dialled', '+27799258700', '', '2015-07-11 15:09:47', '00:00:00'),
(1803, 62, 'Dialled', '+27799258700', '', '2015-07-11 15:51:54', '00:01:21'),
(1804, 62, 'Dialled', '+27799258700', '', '2015-07-11 15:10:18', '00:00:00'),
(1805, 62, 'Dialled', '0765661770', '', '2015-07-11 15:15:01', '00:00:36'),
(1806, 62, 'Dialled', '+27799258700', '', '2015-07-11 22:32:23', '00:02:25'),
(1807, 62, 'Dialled', '+27794662016', '', '2015-07-19 14:48:42', '00:00:00'),
(1808, 62, 'Missed', '+27794662016', '', '2015-07-19 15:05:50', '00:00:00'),
(1809, 62, 'Missed', '+27794662016', '', '2015-07-19 15:50:56', '00:00:00'),
(1810, 62, 'Dialled', '+27799258700', '', '2015-07-19 17:17:13', '00:02:55'),
(1811, 62, 'Missed', '+27765661770', '', '2015-07-20 18:59:32', '00:00:00'),
(1812, 62, 'Dialled', '+27799258700', '', '2015-07-20 23:00:44', '00:00:00'),
(1813, 62, 'Dialled', '+27799258700', '', '2015-07-20 23:00:11', '00:00:00'),
(1814, 62, 'Dialled', '0765661770', '', '2015-07-21 13:24:23', '00:00:07'),
(1815, 62, 'Dialled', '0765661770', '', '2015-07-21 11:03:43', '00:00:14'),
(1816, 62, 'Dialled', '+27799258700', '', '2015-07-21 21:33:45', '00:01:32'),
(1817, 62, 'Dialled', '0765661770', '', '2015-07-21 13:20:26', '00:00:20'),
(1818, 62, 'Dialled', '+27799258700', '', '2015-07-23 01:04:10', '00:02:39'),
(1819, 62, 'Missed', '+27765661770', '', '2015-07-23 16:37:57', '00:00:00'),
(1820, 62, 'Dialled', '+27794662016', '', '2015-07-23 07:23:58', '00:01:53'),
(1821, 62, 'Received', '+27765661770', '', '2015-07-23 16:38:21', '00:00:08'),
(1822, 62, 'Dialled', '+27829351745', '', '2015-07-24 12:06:16', '00:00:34'),
(1823, 62, 'Dialled', '+27829351745', '', '2015-07-31 12:59:38', '00:00:00'),
(1824, 62, 'Received', '+27765661770', '', '2015-07-31 16:43:35', '00:00:43'),
(1825, 62, 'Missed', '+27799258700', '', '2015-08-02 13:40:17', '00:00:00'),
(1826, 62, 'Missed', '+27799258700', '', '2015-08-02 15:43:58', '00:00:00'),
(1827, 62, 'Dialled', '0799258700', '', '2015-08-05 12:11:24', '00:01:53'),
(1828, 62, 'Dialled', '0799258700', '', '2015-08-05 12:28:25', '00:00:00'),
(1829, 62, 'Missed', '+27799258700', '', '2015-08-05 12:32:46', '00:00:00'),
(1830, 62, 'Dialled', '+27799258700', '', '2015-08-05 12:48:21', '00:00:29'),
(1831, 62, 'Dialled', '+27799258700', '', '2015-08-05 12:49:24', '00:00:09'),
(1832, 62, 'Dialled', '+27799258700', '', '2015-08-07 20:59:40', '00:03:28'),
(1833, 62, 'Missed', '+27765661770', '', '2015-08-09 14:38:21', '00:00:00'),
(1834, 62, 'Dialled', '0765661770', '', '2015-08-09 14:54:24', '00:00:00'),
(1835, 62, 'Dialled', '0765661770', '', '2015-08-09 14:54:46', '00:00:00'),
(1836, 62, 'Dialled', '0727808769', '', '2015-08-13 13:01:43', '00:00:00'),
(1837, 62, 'Dialled', '+27728917020', '', '2015-08-13 16:39:21', '00:00:00'),
(1838, 62, 'Dialled', '+27829351745', '', '2015-08-13 14:28:06', '00:00:25'),
(1839, 62, 'Dialled', '0765661770', '', '2015-08-13 16:51:54', '00:00:04'),
(1840, 62, 'Dialled', '+27799258700', '', '2015-08-13 17:40:52', '00:00:12'),
(1841, 62, 'Dialled', '+27728917020', '', '2015-08-13 16:40:06', '00:00:00'),
(1842, 62, 'Dialled', '+27799258700', '', '2015-08-13 17:41:27', '00:02:55'),
(1843, 62, 'Dialled', '+27799258700', '', '2015-08-23 11:18:29', '00:00:00'),
(1844, 62, 'Dialled', '+27799258700', '', '2015-08-23 12:09:20', '00:00:00'),
(1845, 62, 'Dialled', '+27799258700', '', '2015-08-23 12:11:02', '00:01:28'),
(1846, 62, 'Dialled', '+27799258700', '', '2015-08-23 12:12:54', '00:07:22'),
(1847, 62, 'Missed', '+27799258700', '', '2015-08-23 14:47:11', '00:00:00'),
(1848, 62, 'Missed', '+27799258700', '', '2015-08-23 14:48:17', '00:00:00'),
(1849, 62, 'Received', '+27799258700', '', '2015-08-23 14:50:28', '00:00:29'),
(1850, 62, 'Missed', '+27799258700', '', '2015-08-23 14:51:37', '00:00:00'),
(1851, 62, 'Dialled', '+27799258700', '', '2015-08-23 14:53:08', '00:00:17'),
(1852, 62, 'Dialled', '+27799258700', '', '2015-08-23 14:53:53', '00:00:00'),
(1853, 62, 'Missed', '+27799258700', '', '2015-08-23 15:06:49', '00:00:00'),
(1854, 62, 'Dialled', '+27799258700', '', '2015-08-23 14:54:32', '00:01:34'),
(1855, 62, 'Dialled', '+27799258700', '', '2015-08-23 15:09:22', '00:00:19'),
(1856, 62, 'Dialled', '0727808769', '', '2015-08-23 15:17:14', '00:00:00'),
(1857, 62, 'Dialled', '+27799258700', '', '2015-08-23 15:17:25', '00:01:45'),
(1858, 62, 'Dialled', '0794662016', '', '2015-08-23 18:23:39', '00:02:09'),
(1859, 62, 'Dialled', '0794662016', '', '2015-08-25 12:29:01', '00:00:31'),
(1860, 62, 'Dialled', '0794662016', '', '2015-08-25 12:34:37', '00:01:19'),
(1861, 62, 'Received', '+27794662016', '', '2015-08-25 12:33:07', '00:00:51'),
(1862, 62, 'Received', '+27794662016', '', '2015-08-25 12:36:22', '00:00:11'),
(1863, 62, 'Dialled', '+27794662016', '', '2015-08-25 13:44:50', '00:00:03'),
(1864, 62, 'Missed', '+27794662016', '', '2015-08-25 14:22:57', '00:00:00'),
(1865, 62, 'Missed', '+27794662016', '', '2015-08-25 14:23:45', '00:00:00'),
(1866, 62, 'Received', '+27794662016', '', '2015-08-25 14:33:19', '00:00:11'),
(1867, 62, 'Dialled', '+27794662016', '', '2015-08-25 14:32:49', '00:00:01'),
(1868, 62, 'Dialled', '+27794662016', '', '2015-08-25 14:38:23', '00:00:17'),
(1869, 62, 'Dialled', '0715369090', '', '2015-09-03 14:35:35', '00:00:10'),
(1870, 62, 'Missed', '+27799258700', '', '2015-09-06 02:33:29', '00:00:00'),
(1871, 62, 'Dialled', '0715369090', '', '2015-09-03 14:36:07', '00:01:44'),
(1872, 62, 'Dialled', '+27794662016', '', '2015-09-08 18:58:41', '00:00:02'),
(1873, 62, 'Dialled', '0799258700', '', '2015-09-09 00:29:15', '00:00:00'),
(1874, 62, 'Dialled', '0799258700', '', '2015-09-09 03:56:53', '00:00:44'),
(1875, 62, 'Dialled', '+27799258700', '', '2015-09-09 04:00:38', '00:00:11'),
(1876, 62, 'Dialled', '+27794662016', '', '2015-09-09 14:41:00', '00:00:42'),
(1877, 62, 'Received', '+27794662016', '', '2015-09-09 14:42:16', '00:00:10'),
(1878, 62, 'Dialled', '0715369090', '', '2015-09-09 17:29:42', '00:00:14'),
(1879, 62, 'Dialled', '+27799258700', '', '2015-09-09 17:30:23', '00:00:00'),
(1880, 62, 'Dialled', '0715369090', '', '2015-09-09 17:30:39', '00:00:00'),
(1881, 62, 'Dialled', '+27799258700', '', '2015-09-09 17:31:35', '00:00:00'),
(1882, 62, 'Dialled', '0715369090', '', '2015-09-10 14:35:37', '00:00:00'),
(1883, 62, 'Dialled', '+27799258700', '', '2015-09-10 21:58:53', '00:00:00'),
(1884, 62, 'Dialled', '+27799258700', '', '2015-09-10 22:00:00', '00:03:11'),
(1885, 62, 'Dialled', '+27799258700', '', '2015-09-10 22:06:28', '00:01:17'),
(1886, 62, 'Dialled', '0715369090', '', '2015-09-11 10:01:53', '00:00:52'),
(1887, 62, 'Dialled', '0715369090', '', '2015-09-11 10:03:35', '00:01:19'),
(1888, 62, 'Dialled', '+27799258700', '', '2015-09-11 10:36:21', '00:02:55'),
(1889, 62, 'Dialled', '+27799258700', '', '2015-09-11 16:47:11', '00:02:45'),
(1890, 62, 'Dialled', '0765661770', '', '2015-09-11 18:32:57', '00:00:57'),
(1891, 62, 'Dialled', '0715369090', '', '2015-09-11 18:34:25', '00:01:13'),
(1892, 62, 'Received', '+27799258700', '', '2015-09-11 19:04:37', '00:00:11'),
(1893, 62, 'Dialled', '+27799258700', '', '2015-09-11 19:06:39', '00:00:13'),
(1894, 62, 'Dialled', '+27799258700', '', '2015-09-11 19:18:56', '00:00:37'),
(1895, 62, 'Dialled', '0765661770', '', '2015-09-14 09:19:07', '00:00:00'),
(1896, 62, 'Dialled', '0765661770', '', '2015-09-14 09:19:37', '00:00:00'),
(1897, 62, 'Dialled', '0765661770', '', '2015-09-14 13:26:41', '00:00:20'),
(1898, 62, 'Dialled', '+27799258700', '', '2015-09-17 19:13:07', '00:00:00'),
(1899, 62, 'Dialled', '0765661770', '', '2015-09-17 19:13:30', '00:00:37'),
(1900, 62, 'Missed', '+27765661770', '', '2015-09-17 19:19:46', '00:00:00'),
(1901, 62, 'Missed', '+27765661770', '', '2015-09-17 19:22:11', '00:00:00'),
(1902, 62, 'Missed', '+27765661770', '', '2015-09-17 19:26:13', '00:00:00'),
(1903, 62, 'Dialled', '+27799258700', '', '2015-09-19 00:34:07', '00:01:02'),
(1904, 62, 'Missed', '+27765661770', '', '2015-09-17 19:24:29', '00:00:00'),
(1905, 62, 'Dialled', '+27815007729', '', '2015-09-30 15:04:36', '00:00:10'),
(1906, 62, 'Dialled', '+27799258700', '', '2015-09-25 16:28:50', '00:05:03'),
(1907, 62, 'Dialled', '+27815007729', '', '2015-09-30 15:01:00', '00:01:50'),
(1908, 62, 'Dialled', '0765661770', '', '2015-10-01 15:06:20', '00:00:00'),
(1909, 62, 'Missed', '+27765661770', '', '2015-10-01 16:00:24', '00:00:00'),
(1910, 62, 'Dialled', '0765661770', '', '2015-10-01 16:23:33', '00:00:00'),
(1911, 62, 'Dialled', '+27844756661', '', '2015-10-01 15:21:08', '00:01:11'),
(1912, 62, 'Dialled', '0765661770', '', '2015-10-01 16:23:48', '00:00:00'),
(1913, 62, 'Dialled', '+27765661770', '', '2015-10-01 16:28:50', '00:00:45'),
(1914, 62, 'Dialled', '+27765661770', '', '2015-10-02 18:53:59', '00:00:11'),
(1915, 62, 'Dialled', '+27844756661', '', '2015-10-03 14:23:58', '00:00:24'),
(1916, 62, 'Dialled', '+27765661770', '', '2015-10-01 16:24:00', '00:00:00'),
(1917, 62, 'Dialled', '0715904352', '', '2015-10-03 14:45:23', '00:00:00'),
(1918, 62, 'Dialled', '0715904352', '', '2015-10-03 14:44:56', '00:00:07'),
(1919, 62, 'Dialled', '0715904352', '', '2015-10-03 14:45:36', '00:00:04'),
(1920, 62, 'Dialled', '0715904352', '', '2015-10-03 14:46:25', '00:00:00'),
(1921, 62, 'Dialled', '0765661770', '', '2015-10-03 14:47:19', '00:00:20'),
(1922, 62, 'Dialled', '0715904352', '', '2015-10-03 14:48:04', '00:00:00'),
(1923, 62, 'Dialled', '0715904352', '', '2015-10-03 14:48:29', '00:00:00'),
(1924, 62, 'Dialled', '0715904352', '', '2015-10-03 14:51:42', '00:00:00'),
(1925, 62, 'Dialled', '0765661770', '', '2015-10-03 14:57:06', '00:00:00'),
(1926, 62, 'Dialled', '0715904352', '', '2015-10-03 14:56:10', '00:00:02'),
(1927, 62, 'Dialled', '0715904352', '', '2015-10-03 15:01:47', '00:00:00'),
(1928, 62, 'Dialled', '0715904352', '', '2015-10-03 15:08:17', '00:00:01'),
(1929, 62, 'Dialled', '0715904352', '', '2015-10-03 15:09:07', '00:00:01'),
(1930, 62, 'Dialled', '0715904352', '', '2015-10-03 16:51:00', '00:00:01'),
(1931, 62, 'Dialled', '0765661770', '', '2015-10-03 20:14:48', '00:00:00'),
(1932, 62, 'Dialled', '0765661770', '', '2015-10-03 20:15:06', '00:00:00'),
(1933, 62, 'Dialled', '0765661770', '', '2015-10-05 18:06:00', '00:01:38'),
(1934, 62, 'Dialled', '+27844756661', '', '2015-10-05 18:58:52', '00:01:10'),
(1935, 62, 'Dialled', '0799258700', '', '2015-10-05 21:28:14', '00:00:00'),
(1936, 62, 'Dialled', '0799258700', '', '2015-10-05 21:31:18', '00:05:32'),
(1937, 62, 'Dialled', '+27793870133', '', '2015-10-06 00:09:52', '00:00:00'),
(1938, 62, 'Dialled', '+27793870133', '', '2015-10-06 00:11:56', '00:01:40'),
(1939, 62, 'Dialled', '0765661770', '', '2015-10-06 15:41:54', '00:00:00'),
(1940, 62, 'Dialled', '+27765661770', '', '2015-10-06 17:15:07', '00:00:44'),
(1941, 62, 'Dialled', '+27799258700', '', '2015-10-07 22:08:15', '00:00:00'),
(1942, 62, 'Dialled', '0799258700', '', '2015-10-06 22:27:22', '00:02:51'),
(1943, 62, 'Received', '+27799258700', '', '2015-10-07 21:11:35', '00:00:41'),
(1944, 62, 'Dialled', '0799258700', '', '2015-10-06 18:28:06', '00:02:05'),
(1945, 62, 'Dialled', '+27799258700', '', '2015-10-07 23:43:36', '00:04:22'),
(1946, 62, 'Received', '+27799258700', '', '2015-10-08 01:54:37', '00:00:09'),
(1947, 62, 'Missed', '+27797907630', '', '2015-10-08 17:40:50', '00:00:00'),
(1948, 62, 'Dialled', '+27799258700', '', '2015-10-09 20:02:32', '00:01:24'),
(1949, 62, 'Dialled', '+27793870133', '', '2015-10-09 20:52:27', '00:02:05'),
(1950, 62, 'Dialled', '+27799258700', '', '2015-10-09 22:27:50', '00:01:44'),
(1951, 62, 'Dialled', '+27799258700', '', '2015-10-10 01:23:14', '00:00:00'),
(1952, 62, 'Dialled', '+27765661770', '', '2015-10-10 13:18:43', '00:01:03'),
(1953, 62, 'Dialled', '*102*58', '', '2015-10-11 15:40:01', '00:00:00'),
(1954, 62, 'Dialled', '+27799258700', '', '2015-10-11 15:57:22', '00:00:00'),
(1955, 62, 'Dialled', '+27815007729', '', '2015-10-11 16:28:42', '00:01:34'),
(1956, 62, 'Dialled', '+27799258700', '', '2015-10-11 16:15:31', '00:03:29'),
(1957, 62, 'Received', '+27765661770', '', '2015-10-12 18:12:22', '00:00:17'),
(1958, 62, 'Received', '+27765661770', '', '2015-10-12 19:15:37', '00:00:09'),
(1959, 62, 'Received', '+27815007729', '', '2015-10-13 16:36:02', '00:01:07'),
(1960, 62, 'Received', '+27799258700', '', '2015-10-18 14:54:36', '00:00:18'),
(1961, 62, 'Missed', '+27797907630', '', '2015-10-15 23:51:42', '00:00:00'),
(1962, 62, 'Dialled', '+27799258700', '', '2015-10-26 12:55:19', '00:00:17'),
(1963, 62, 'Dialled', '+27840001593', '', '2015-10-26 12:56:17', '00:00:00'),
(1964, 62, 'Dialled', '+27799258700', '', '2015-10-26 12:56:32', '00:00:25'),
(1965, 62, 'Dialled', '+27765661770', '', '2015-10-26 13:00:00', '00:00:46'),
(1966, 62, 'Dialled', '+27799258700', '', '2015-10-26 13:19:03', '00:00:00'),
(1967, 62, 'Dialled', '+27799258700', '', '2015-10-26 13:20:10', '00:00:00'),
(1968, 62, 'Dialled', '+27799258700', '', '2015-10-26 13:21:12', '00:00:00'),
(1969, 62, 'Dialled', '+27799258700', '', '2015-10-26 13:23:23', '00:00:00'),
(1970, 62, 'Dialled', '+27799258700', '', '2015-10-26 13:22:22', '00:00:00'),
(1971, 62, 'Dialled', '+27799258700', '', '2015-10-26 13:31:13', '00:00:31'),
(1972, 62, 'Dialled', '+27737715011', '', '2015-10-26 14:15:46', '00:01:01'),
(1973, 62, 'Dialled', '+27799258700', '', '2015-10-26 17:09:54', '00:01:17'),
(1974, 62, 'Dialled', '+27793870133', '', '2015-10-26 17:14:56', '00:00:00'),
(1975, 62, 'Dialled', '0799258700', '', '2015-10-26 17:15:53', '00:00:12'),
(1976, 62, 'Dialled', '+27799258700', '', '2015-10-26 17:37:26', '00:01:05'),
(1977, 62, 'Dialled', '+27723582515', '', '2015-10-26 21:01:53', '00:05:15');

-- --------------------------------------------------------

--
-- Table structure for table `deviceapps`
--

CREATE TABLE IF NOT EXISTS `deviceapps` (
  `id` int(11) NOT NULL,
  `name` varchar(255) NOT NULL,
  `version` varchar(100) NOT NULL,
  `apppackage` varchar(255) NOT NULL,
  `status` varchar(30) NOT NULL DEFAULT 'Stopped/Closed',
  `device_id` int(11) NOT NULL
) ENGINE=InnoDB AUTO_INCREMENT=1824 DEFAULT CHARSET=latin1;

--
-- Dumping data for table `deviceapps`
--

INSERT INTO `deviceapps` (`id`, `name`, `version`, `apppackage`, `status`, `device_id`) VALUES
(1702, 'Internet', '4.1.2-T211XXAMK7', 'com.android.browser', 'Stopped/Closed', 62),
(1703, 'Contacts', '4.1.2-T211XXAMK7', 'com.android.contacts', 'Stopped/Closed', 62),
(1704, 'S Planner', '4.1.2-T211XXAMK7', 'com.android.calendar', 'Stopped/Closed', 62),
(1705, 'Chrome', '35.0.1916.141', 'com.android.chrome', 'Stopped/Closed', 62),
(1706, 'Email', '4.1', 'com.android.email', 'Stopped/Closed', 62),
(1707, 'Messaging', '4.1.2-T211XXAMK7', 'com.android.mms', 'Stopped/Closed', 62),
(1708, 'Downloads', '4.1.2-T211XXAMK7', 'android.process.media', 'Stopped/Closed', 62),
(1709, 'Settings', '4.1.2-T211XXAMK7', 'com.android.settings', 'Stopped/Closed', 62),
(1710, 'Google Play Store', '5.10.30', 'com.android.vending', '2015-10-29 12:29:42', 62),
(1711, 'Careers24', '1.3', 'com.careers24.core', 'Stopped/Closed', 62),
(1712, 'Cell C', '4.1.2-T211XXAMK7', 'com.android.phone', '2015-10-30 06:03:58', 62),
(1713, 'Caynax A6W', '8.4.6', 'com.caynax.a6w', 'Stopped/Closed', 62),
(1714, 'Dropbox', '2.3.2.26', 'com.dropbox.android', 'Stopped/Closed', 62),
(1715, 'BasicSyncAdapter', '1.0', 'com.example.android.basicsyncadapter', '2015-10-29 12:40:06', 62),
(1716, 'Share Apps', '3.2.2', 'com.fw.appshare', 'Stopped/Closed', 62),
(1717, 'Google Play Newsstand', '3.2.1', 'com.google.android.apps.magazines', 'Stopped/Closed', 62),
(1718, 'Maps', '7.0.2', 'com.google.android.apps.maps', 'Stopped/Closed', 62),
(1719, 'Gmail', '4.8 (1167183)', 'com.google.android.gm', 'Stopped/Closed', 62),
(1720, 'Google+', '4.4.1.68642489', 'com.google.android.apps.plus', 'Stopped/Closed', 62),
(1721, 'Google Play services', '8.3.00 (2353383-032)', 'com.google.android.gms', '2015-10-30 05:51:28', 62),
(1722, 'Google Search', '3.4.16.1149292.arm', 'com.google.android.googlequicksearchbox', 'Stopped/Closed', 62),
(1723, 'Google Play Music', '5.5.1514O.1185867', 'com.google.android.music:main', 'Stopped/Closed', 62),
(1724, 'Google Play Games', '3.3.58 (2285964-032)', 'com.google.android.play.games', 'Stopped/Closed', 62),
(1725, 'Hangouts', '1.1.1.753199', 'com.google.android.talk', 'Stopped/Closed', 62),
(1726, 'YouTube', '10.37.58', 'com.google.android.youtube', 'Stopped/Closed', 62),
(1727, 'Kleek', '1.0', 'com.imi.kleek', 'Stopped/Closed', 62),
(1728, 'Job Search', '2.4', 'com.indeed.android.jobsearch', 'Stopped/Closed', 62),
(1729, 'Instagram', '7.8.0', 'com.instagram.android', 'Stopped/Closed', 62),
(1730, 'Polaris Office', '4.0.5005.80', 'com.infraware.PolarisOfficeStdForTablet', 'Stopped/Closed', 62),
(1731, 'Candy Crush Saga', '1.34.1', 'com.king.candycrushsaga', 'Stopped/Closed', 62),
(1732, 'Screen Grabber', '2.4', 'com.jaredco.screengrabber', 'Stopped/Closed', 62),
(1733, 'Bubble Witch Saga 2', '1.13.4', 'com.midasplayer.apps.bubblewitchsaga2', 'Stopped/Closed', 62),
(1734, 'Diamond Digger Saga', '1.7.0', 'com.midasplayer.apps.diamonddiggersaga', 'Stopped/Closed', 62),
(1735, 'Smart Note', '1.4.2.2000', 'com.myscript.smartnote', 'Stopped/Closed', 62),
(1736, 'Opera Mini', '7.5', 'com.opera.mini.android.samsung', 'Stopped/Closed', 62),
(1737, 'Group Play', '1.5.80', 'com.samsung.groupcast', 'Stopped/Closed', 62),
(1738, 'Video Hub', '1.1.68', 'com.samsung.videohub', 'Stopped/Closed', 62),
(1739, 'Camera', '1.5', 'com.sec.android.app.camera', 'Stopped/Closed', 62),
(1740, 'Help', '1.0', 'com.samsung.helphub', 'Stopped/Closed', 62),
(1741, 'Alarm', '1.0', 'com.sec.android.app.clockpackage', 'Stopped/Closed', 62),
(1742, 'Game Hub', 'A.01.053001G', 'com.sec.android.app.gamehub', 'Stopped/Closed', 62),
(1743, 'Music Player', '1.0', 'com.sec.android.app.music', 'Stopped/Closed', 62),
(1744, 'Memo', '2.0', 'com.sec.android.app.memo', 'Stopped/Closed', 62),
(1745, 'My Files', '1.0.0', 'com.sec.android.app.myfiles', 'Stopped/Closed', 62),
(1746, 'Calculator', '1.0', 'com.sec.android.app.popupcalculator', 'Stopped/Closed', 62),
(1747, 'Samsung Apps', '3.23.036', 'com.sec.android.app.samsungapps', 'Stopped/Closed', 62),
(1748, 'Video Player', '1.1', 'com.sec.android.app.videoplayer', 'Stopped/Closed', 62),
(1749, 'World Clock', '1.0', 'com.sec.android.app.worldclock', 'Stopped/Closed', 62),
(1750, 'Gallery', '1.1.30682', 'com.sec.android.gallery3d', 'Stopped/Closed', 62),
(1751, 'ChatON', '2.3.22', 'com.sec.chaton', 'Stopped/Closed', 62),
(1752, 'Learning Hub', '0.1', 'com.sec.msc.learninghub', 'Stopped/Closed', 62),
(1753, 'Samsung Link', '1.0.3072', 'com.sec.pcw', 'Stopped/Closed', 62),
(1754, 'Todoist', '8.0.6', 'com.todoist', 'Stopped/Closed', 62),
(1755, 'S Voice', '10.1', 'com.vlingo.midas', '2015-10-30 05:55:43', 62),
(1756, 'Twitter', '5.13.1', 'com.twitter.android', 'Stopped/Closed', 62),
(1757, 'MyScript Calculator', '1.2.1.451', 'com.visionobjects.calculator', 'Stopped/Closed', 62),
(1758, 'WhatsApp', '2.12.317', 'com.whatsapp', '2015-10-29 12:32:18', 62),
(1759, 'Yahoo Mail', '3.1.3', 'com.yahoo.mobile.client.android.mail', '2015-10-30 05:51:28', 62),
(1760, 'Flipboard', '2.3.2', 'flipboard.app', 'Stopped/Closed', 62),
(1761, 'Football mania', '170.0', 'holoduke.soccer_gen', 'Stopped/Closed', 62),
(1762, 'VLC', '0.1.4', 'org.videolan.vlc.betav7neon', 'Stopped/Closed', 62),
(1763, 'Internet', '4.1.2-T211XXAMK7', 'com.android.browser', 'Unknown', 62),
(1764, 'Chrome', '35.0.1916.141', 'com.android.chrome', 'Unknown', 62),
(1765, 'Contacts', '4.1.2-T211XXAMK7', 'com.android.contacts', 'Unknown', 62),
(1766, 'S Planner', '4.1.2-T211XXAMK7', 'com.android.calendar', 'Unknown', 62),
(1767, 'Email', '4.1', 'com.android.email', 'Unknown', 62),
(1768, 'Downloads', '4.1.2-T211XXAMK7', 'android.process.media', 'Unknown', 62),
(1769, 'Settings', '4.1.2-T211XXAMK7', 'com.android.settings', 'Unknown', 62),
(1770, 'Cell C', '4.1.2-T211XXAMK7', 'com.android.phone', '2015-10-30 06:03:58', 62),
(1771, 'Messaging', '4.1.2-T211XXAMK7', 'com.android.mms', 'Unknown', 62),
(1772, 'Careers24', '1.3', 'com.careers24.core', 'Unknown', 62),
(1773, 'Google Play Store', '5.10.30', 'com.android.vending', 'Unknown', 62),
(1774, 'Caynax A6W', '8.4.6', 'com.caynax.a6w', 'Unknown', 62),
(1775, 'Dropbox', '2.3.2.26', 'com.dropbox.android', 'Unknown', 62),
(1776, 'BasicSyncAdapter', '1.0', 'com.example.android.basicsyncadapter', 'Unknown', 62),
(1777, 'Share Apps', '3.2.2', 'com.fw.appshare', 'Unknown', 62),
(1778, 'Maps', '7.0.2', 'com.google.android.apps.maps', 'Unknown', 62),
(1779, 'Google+', '4.4.1.68642489', 'com.google.android.apps.plus', 'Unknown', 62),
(1780, 'Google Play Newsstand', '3.2.1', 'com.google.android.apps.magazines', 'Unknown', 62),
(1781, 'Gmail', '4.8 (1167183)', 'com.google.android.gm', 'Unknown', 62),
(1782, 'Google Play services', '8.3.00 (2353383-032)', 'com.google.android.gms', '2015-10-30 05:51:28', 62),
(1783, 'Google Search', '3.4.16.1149292.arm', 'com.google.android.googlequicksearchbox', 'Unknown', 62),
(1784, 'Google Play Music', '5.5.1514O.1185867', 'com.google.android.music:main', 'Unknown', 62),
(1785, 'Google Play Games', '3.3.58 (2285964-032)', 'com.google.android.play.games', 'Unknown', 62),
(1786, 'Hangouts', '1.1.1.753199', 'com.google.android.talk', 'Unknown', 62),
(1787, 'YouTube', '10.37.58', 'com.google.android.youtube', 'Unknown', 62),
(1788, 'Kleek', '1.0', 'com.imi.kleek', 'Unknown', 62),
(1789, 'Job Search', '2.4', 'com.indeed.android.jobsearch', 'Unknown', 62),
(1790, 'Polaris Office', '4.0.5005.80', 'com.infraware.PolarisOfficeStdForTablet', 'Unknown', 62),
(1791, 'Instagram', '7.8.0', 'com.instagram.android', 'Unknown', 62),
(1792, 'Screen Grabber', '2.4', 'com.jaredco.screengrabber', 'Unknown', 62),
(1793, 'Candy Crush Saga', '1.34.1', 'com.king.candycrushsaga', 'Unknown', 62),
(1794, 'Bubble Witch Saga 2', '1.13.4', 'com.midasplayer.apps.bubblewitchsaga2', 'Unknown', 62),
(1795, 'Diamond Digger Saga', '1.7.0', 'com.midasplayer.apps.diamonddiggersaga', 'Unknown', 62),
(1796, 'Smart Note', '1.4.2.2000', 'com.myscript.smartnote', 'Unknown', 62),
(1797, 'Opera Mini', '7.5', 'com.opera.mini.android.samsung', 'Unknown', 62),
(1798, 'Help', '1.0', 'com.samsung.helphub', 'Unknown', 62),
(1799, 'Group Play', '1.5.80', 'com.samsung.groupcast', 'Unknown', 62),
(1800, 'Video Hub', '1.1.68', 'com.samsung.videohub', 'Unknown', 62),
(1801, 'Camera', '1.5', 'com.sec.android.app.camera', 'Unknown', 62),
(1802, 'Game Hub', 'A.01.053001G', 'com.sec.android.app.gamehub', 'Unknown', 62),
(1803, 'Memo', '2.0', 'com.sec.android.app.memo', 'Unknown', 62),
(1804, 'Alarm', '1.0', 'com.sec.android.app.clockpackage', 'Unknown', 62),
(1805, 'Music Player', '1.0', 'com.sec.android.app.music', 'Unknown', 62),
(1806, 'Calculator', '1.0', 'com.sec.android.app.popupcalculator', 'Unknown', 62),
(1807, 'My Files', '1.0.0', 'com.sec.android.app.myfiles', 'Unknown', 62),
(1808, 'Samsung Apps', '3.23.036', 'com.sec.android.app.samsungapps', 'Unknown', 62),
(1809, 'Video Player', '1.1', 'com.sec.android.app.videoplayer', 'Unknown', 62),
(1810, 'World Clock', '1.0', 'com.sec.android.app.worldclock', 'Unknown', 62),
(1811, 'Gallery', '1.1.30682', 'com.sec.android.gallery3d', 'Unknown', 62),
(1812, 'Learning Hub', '0.1', 'com.sec.msc.learninghub', 'Unknown', 62),
(1813, 'ChatON', '2.3.22', 'com.sec.chaton', 'Unknown', 62),
(1814, 'Samsung Link', '1.0.3072', 'com.sec.pcw', 'Unknown', 62),
(1815, 'Twitter', '5.13.1', 'com.twitter.android', 'Unknown', 62),
(1816, 'MyScript Calculator', '1.2.1.451', 'com.visionobjects.calculator', 'Unknown', 62),
(1817, 'Todoist', '8.0.6', 'com.todoist', 'Unknown', 62),
(1818, 'S Voice', '10.1', 'com.vlingo.midas', '2015-10-30 05:55:43', 62),
(1819, 'Yahoo Mail', '3.1.3', 'com.yahoo.mobile.client.android.mail', '2015-10-30 05:51:28', 62),
(1820, 'WhatsApp', '2.12.317', 'com.whatsapp', 'Unknown', 62),
(1821, 'Flipboard', '2.3.2', 'flipboard.app', 'Unknown', 62),
(1822, 'Football mania', '170.0', 'holoduke.soccer_gen', 'Unknown', 62),
(1823, 'VLC', '0.1.4', 'org.videolan.vlc.betav7neon', 'Unknown', 62);

-- --------------------------------------------------------

--
-- Table structure for table `devicetb`
--

CREATE TABLE IF NOT EXISTS `devicetb` (
  `deviceID` int(100) NOT NULL COMMENT 'This is the device IMEI number (cant be null)',
  `userID` int(100) NOT NULL,
  `make` varchar(300) COLLATE utf16_bin NOT NULL COMMENT 'e.g Samsung',
  `model` varchar(300) COLLATE utf16_bin NOT NULL COMMENT 'e.g Galaxy Note 2',
  `os` varchar(300) COLLATE utf16_bin NOT NULL COMMENT 'e.g Android',
  `network` varchar(300) COLLATE utf16_bin NOT NULL COMMENT 'e.g Vodacom',
  `imeNumber` varchar(150) COLLATE utf16_bin DEFAULT NULL,
  `status` varchar(4) COLLATE utf16_bin NOT NULL DEFAULT 'ON'
) ENGINE=InnoDB AUTO_INCREMENT=64 DEFAULT CHARSET=utf16 COLLATE=utf16_bin COMMENT='This table consists of the basic mobile device info';

--
-- Dumping data for table `devicetb`
--

INSERT INTO `devicetb` (`deviceID`, `userID`, `make`, `model`, `os`, `network`, `imeNumber`, `status`) VALUES
(61, 90, 'samsung', 'GT-N7100', 'Samsung', '8.ta', '354839050110033', 'ON'),
(62, 92, 'samsung', 'SM-T211', 'Samsung', 'Cell C', '351780061943967', 'ON'),
(63, 92, 'samsung', 'GT-I9300', 'Samsung', 'Vodacom-SA', '353164055844689', 'ON');

-- --------------------------------------------------------

--
-- Table structure for table `locationtb`
--

CREATE TABLE IF NOT EXISTS `locationtb` (
  `id` int(11) NOT NULL,
  `name` varchar(255) DEFAULT 'Not Available',
  `localicity` varchar(255) DEFAULT 'Not Available',
  `postCode` int(11) DEFAULT NULL,
  `countName` varchar(255) NOT NULL DEFAULT 'Not Available',
  `latitude` mediumtext NOT NULL,
  `longitude` mediumtext NOT NULL,
  `date` datetime NOT NULL,
  `deviceId` int(11) NOT NULL
) ENGINE=InnoDB AUTO_INCREMENT=239 DEFAULT CHARSET=latin1;

--
-- Dumping data for table `locationtb`
--

INSERT INTO `locationtb` (`id`, `name`, `localicity`, `postCode`, `countName`, `latitude`, `longitude`, `date`, `deviceId`) VALUES
(115, '666 Herold St', 'Pretoria', 83, 'South Africa', '-25.7568752', '28.2364306', '2015-10-28 20:32:01', 61),
(116, '115 Lunnon Rd', 'Pretoria', 83, 'South Africa', '-25.7575916', '28.2370019', '2015-10-28 20:34:06', 61),
(117, '105 Lynnwood Rd', 'Pretoria', 11, 'South Africa', '-25.75770708504358', '28.237030148622217', '2015-10-28 20:35:34', 61),
(118, '115 Lunnon Rd', 'Pretoria', 83, 'South Africa', '-25.7575875', '28.2370014', '2015-10-28 20:36:07', 61),
(119, '115 Lunnon Rd', 'Pretoria', 83, 'South Africa', '-25.7575854', '28.2370113', '2015-10-28 20:39:07', 61),
(120, '115 Lunnon Rd', 'Pretoria', 83, 'South Africa', '-25.7575895', '28.2370019', '2015-10-28 20:41:09', 61),
(121, '115 Lunnon Rd', 'Pretoria', 83, 'South Africa', '-25.75699805049937', '28.236966084120308', '2015-10-28 20:44:37', 61),
(122, '115 Lunnon Rd', 'Pretoria', 83, 'South Africa', '-25.7575692', '28.2370052', '2015-10-28 20:45:10', 61),
(123, '115 Lunnon Rd', 'Pretoria', 83, 'South Africa', '-25.757575284413388', '28.23704196803924', '2015-10-28 20:47:04', 61),
(124, '115 Lunnon Rd', 'Pretoria', 83, 'South Africa', '-25.7575735', '28.2370028', '2015-10-28 20:49:11', 61),
(125, '115 Lunnon Rd', 'Pretoria', 83, 'South Africa', '-25.757006866171302', '28.23719864828379', '2015-10-28 20:49:29', 61),
(126, '115 Lunnon Rd', 'Pretoria', 83, 'South Africa', '-25.7575891', '28.2369945', '2015-10-28 20:51:12', 61),
(127, '115 Lunnon Rd', 'Pretoria', 83, 'South Africa', '-25.7575843', '28.2370041', '2015-10-28 20:53:12', 61),
(128, '115 Lunnon Rd', 'Pretoria', 83, 'South Africa', '-25.7575863', '28.2370024', '2015-10-28 20:55:12', 61),
(129, '115 Lunnon Rd', 'Pretoria', 83, 'South Africa', '-25.7575868', '28.2370013', '2015-10-28 20:57:13', 61),
(130, '109 Lynnwood Rd', 'Pretoria', 11, 'South Africa', '-25.757950008679202', '28.237136224057004', '2015-10-28 20:58:23', 61),
(131, '115 Lunnon Rd', 'Pretoria', 83, 'South Africa', '-25.7575765', '28.2370097', '2015-10-28 20:59:13', 61),
(132, '128 Lunnon Rd', 'Pretoria', 83, 'South Africa', '-25.75648060534985', '28.238223854250066', '2015-10-28 21:01:09', 61),
(133, '115 Lunnon Rd', 'Pretoria', 83, 'South Africa', '-25.7575359', '28.2369591', '2015-10-28 21:01:14', 61),
(134, '115 Lunnon Rd', 'Pretoria', 83, 'South Africa', '-25.7575916', '28.2370049', '2015-10-28 21:03:14', 61),
(135, '115 Lunnon Rd', 'Pretoria', 83, 'South Africa', '-25.7575855', '28.2369838', '2015-10-28 21:52:38', 62),
(136, '115 Lunnon Rd', 'Pretoria', 83, 'South Africa', '-25.7575837', '28.2369831', '2015-10-28 21:54:34', 62),
(137, '115 Lunnon Rd', 'Pretoria', 83, 'South Africa', '-25.7575922', '28.2369694', '2015-10-28 21:56:45', 62),
(138, '115 Lunnon Rd', 'Pretoria', 83, 'South Africa', '-25.7575806', '28.2369856', '2015-10-28 21:58:49', 62),
(139, '115 Lunnon Rd', 'Pretoria', 83, 'South Africa', '-25.757578', '28.2369907', '2015-10-28 22:02:47', 62),
(140, '115 Lunnon Rd', 'Pretoria', 83, 'South Africa', '-25.757586', '28.2369861', '2015-10-28 22:04:46', 62),
(141, '115 Lunnon Rd', 'Pretoria', 83, 'South Africa', '-25.7575747', '28.2369947', '2015-10-28 22:06:48', 62),
(142, '115 Lunnon Rd', 'Pretoria', 83, 'South Africa', '-25.7575854', '28.2369771', '2015-10-28 22:08:45', 62),
(143, '115 Lunnon Rd', 'Pretoria', 83, 'South Africa', '-25.7575849', '28.2369808', '2015-10-28 22:12:45', 62),
(144, '115 Lunnon Rd', 'Pretoria', 83, 'South Africa', '-25.7575822', '28.2369844', '2015-10-28 22:14:47', 62),
(145, '115 Lunnon Rd', 'Pretoria', 83, 'South Africa', '-25.7575717', '28.2369915', '2015-10-28 22:16:48', 62),
(146, '115 Lunnon Rd', 'Pretoria', 83, 'South Africa', '-25.757237226268803', '28.236985704320592', '2015-10-28 22:32:02', 63),
(147, '666 Herold St', 'Pretoria', 83, 'South Africa', '-25.757005915829495', '28.23669310505567', '2015-10-28 22:34:22', 63),
(148, '115 Lunnon Rd', 'Pretoria', 83, 'South Africa', '-25.757240634286852', '28.23730633829876', '2015-10-28 22:42:20', 63),
(149, '115 Lunnon Rd', 'Pretoria', 83, 'South Africa', '-25.7575783', '28.2369794', '2015-10-29 00:01:58', 62),
(150, '115 Lunnon Rd', 'Pretoria', 83, 'South Africa', '-25.7575919', '28.2369957', '2015-10-29 00:04:01', 62),
(151, '115 Lunnon Rd', 'Pretoria', 83, 'South Africa', '-25.7575905', '28.2370017', '2015-10-29 00:06:14', 62),
(152, '115 Lunnon Rd', 'Pretoria', 83, 'South Africa', '-25.7575816', '28.2369915', '2015-10-29 00:10:01', 62),
(153, '115 Lunnon Rd', 'Pretoria', 83, 'South Africa', '-25.7575773', '28.2370046', '2015-10-29 00:11:59', 62),
(154, '115 Lunnon Rd', 'Pretoria', 83, 'South Africa', '-25.7575938', '28.237005', '2015-10-29 00:13:57', 62),
(155, '115 Lunnon Rd', 'Pretoria', 83, 'South Africa', '-25.7575914', '28.2369903', '2015-10-29 00:15:17', 62),
(156, '115 Lunnon Rd', 'Pretoria', 83, 'South Africa', '-25.7575871', '28.2369814', '2015-10-29 00:17:27', 62),
(157, '115 Lunnon Rd', 'Pretoria', 83, 'South Africa', '-25.757587', '28.2369885', '2015-10-29 00:19:19', 62),
(158, '115 Lunnon Rd', 'Pretoria', 83, 'South Africa', '-25.7575855', '28.2369842', '2015-10-29 00:21:38', 62),
(159, '115 Lunnon Rd', 'Pretoria', 83, 'South Africa', '-25.7575811', '28.236982', '2015-10-29 00:23:20', 62),
(160, '115 Lunnon Rd', 'Pretoria', 83, 'South Africa', '-25.7575826', '28.2369789', '2015-10-29 00:27:19', 62),
(161, '115 Lunnon Rd', 'Pretoria', 83, 'South Africa', '-25.7575835', '28.2369857', '2015-10-29 00:29:19', 62),
(162, '115 Lunnon Rd', 'Pretoria', 83, 'South Africa', '-25.7575935', '28.2369856', '2015-10-29 00:33:17', 62),
(163, '115 Lunnon Rd', 'Pretoria', 83, 'South Africa', '-25.7575798', '28.2370043', '2015-10-29 00:35:09', 62),
(164, '115 Lunnon Rd', 'Pretoria', 83, 'South Africa', '-25.7575903', '28.2369845', '2015-10-29 00:39:05', 62),
(165, '115 Lunnon Rd', 'Pretoria', 83, 'South Africa', '-25.7575825', '28.2370187', '2015-10-29 00:41:04', 62),
(166, '115 Lunnon Rd', 'Pretoria', 83, 'South Africa', '-25.7575835', '28.2369822', '2015-10-29 00:43:14', 62),
(167, '115 Lunnon Rd', 'Pretoria', 83, 'South Africa', '-25.7576057', '28.2370313', '2015-10-29 00:45:15', 62),
(168, '115 Lunnon Rd', 'Pretoria', 83, 'South Africa', '-25.7575866', '28.2369818', '2015-10-29 00:47:10', 62),
(169, '115 Lunnon Rd', 'Pretoria', 83, 'South Africa', '-25.7575904', '28.2370062', '2015-10-29 00:51:07', 62),
(170, '115 Lunnon Rd', 'Pretoria', 83, 'South Africa', '-25.7575919', '28.2369778', '2015-10-29 00:53:08', 62),
(171, '115 Lunnon Rd', 'Pretoria', 83, 'South Africa', '-25.757578', '28.2369791', '2015-10-29 00:55:16', 62),
(172, '105 Lynnwood Rd', 'Pretoria', 11, 'South Africa', '-25.7576045', '28.2369743', '2015-10-29 00:56:02', 62),
(173, '115 Lunnon Rd', 'Pretoria', 83, 'South Africa', '-25.7575826', '28.2370039', '2015-10-29 01:00:05', 62),
(174, '115 Lunnon Rd', 'Pretoria', 83, 'South Africa', '-25.7575847', '28.2370101', '2015-10-29 01:04:15', 62),
(175, '115 Lunnon Rd', 'Pretoria', 83, 'South Africa', '-25.7575813', '28.2369805', '2015-10-29 01:06:56', 62),
(176, '115 Lunnon Rd', 'Pretoria', 83, 'South Africa', '-25.7575851', '28.2370093', '2015-10-29 01:09:43', 62),
(177, '115 Lunnon Rd', 'Pretoria', 83, 'South Africa', '-25.7575776', '28.2369837', '2015-10-29 01:10:39', 62),
(178, '115 Lunnon Rd', 'Pretoria', 83, 'South Africa', '-25.7575893', '28.23698', '2015-10-29 01:12:43', 62),
(179, '115 Lunnon Rd', 'Pretoria', 83, 'South Africa', '-25.7575902', '28.2370351', '2015-10-29 01:14:42', 62),
(180, '115 Lunnon Rd', 'Pretoria', 83, 'South Africa', '-25.7575972', '28.2370152', '2015-10-29 01:19:33', 62),
(181, '115 Lunnon Rd', 'Pretoria', 83, 'South Africa', '-25.7575903', '28.2369878', '2015-10-29 01:27:27', 62),
(182, '115 Lunnon Rd', 'Pretoria', 83, 'South Africa', '-25.7575853', '28.2369823', '2015-10-29 01:29:40', 62),
(183, '115 Lunnon Rd', 'Pretoria', 83, 'South Africa', '-25.7575811', '28.2369867', '2015-10-29 01:32:05', 62),
(184, '115 Lunnon Rd', 'Pretoria', 83, 'South Africa', '-25.7575841', '28.2369897', '2015-10-29 01:39:22', 62),
(185, '115 Lunnon Rd', 'Pretoria', 83, 'South Africa', '-25.7575831', '28.2370001', '2015-10-29 01:41:58', 62),
(186, '115 Lunnon Rd', 'Pretoria', 83, 'South Africa', '-25.7575859', '28.2370091', '2015-10-29 01:42:59', 62),
(187, '115 Lunnon Rd', 'Pretoria', 83, 'South Africa', '-25.7575808', '28.2369852', '2015-10-29 09:01:24', 62),
(188, '115 Lunnon Rd', 'Pretoria', 83, 'South Africa', '-25.7575836', '28.2369914', '2015-10-29 09:07:26', 62),
(189, '115 Lunnon Rd', 'Pretoria', 83, 'South Africa', '-25.7575968', '28.2369936', '2015-10-29 09:08:58', 62),
(190, '115 Lunnon Rd', 'Pretoria', 83, 'South Africa', '-25.7575694', '28.2369917', '2015-10-29 09:10:30', 62),
(191, '115 Lunnon Rd', 'Pretoria', 83, 'South Africa', '-25.7575824', '28.236986', '2015-10-29 09:13:32', 62),
(192, '115 Lunnon Rd', 'Pretoria', 83, 'South Africa', '-25.7575861', '28.236992', '2015-10-29 09:17:25', 62),
(193, '115 Lunnon Rd', 'Pretoria', 83, 'South Africa', '-25.7575888', '28.2369807', '2015-10-29 09:23:30', 62),
(194, '115 Lunnon Rd', 'Pretoria', 83, 'South Africa', '-25.7575791', '28.2369975', '2015-10-29 09:28:34', 62),
(195, '115 Lunnon Rd', 'Pretoria', 83, 'South Africa', '-25.7575836', '28.2369816', '2015-10-29 09:31:32', 62),
(196, '115 Lunnon Rd', 'Pretoria', 83, 'South Africa', '-25.7575824', '28.2370103', '2015-10-29 09:33:32', 62),
(197, '115 Lunnon Rd', 'Pretoria', 83, 'South Africa', '-25.7575838', '28.2369833', '2015-10-29 09:35:05', 62),
(198, '115 Lunnon Rd', 'Pretoria', 83, 'South Africa', '-25.7575808', '28.2369698', '2015-10-29 09:36:32', 62),
(199, '115 Lunnon Rd', 'Pretoria', 83, 'South Africa', '-25.7575859', '28.2369967', '2015-10-29 09:44:16', 62),
(200, '105 Lynnwood Rd', 'Pretoria', 11, 'South Africa', '-25.7576396', '28.23705', '2015-10-29 09:52:03', 62),
(201, '115 Lunnon Rd', 'Pretoria', 83, 'South Africa', '-25.7575782', '28.2370039', '2015-10-29 09:58:06', 62),
(202, '115 Lunnon Rd', 'Pretoria', 83, 'South Africa', '-25.7575677', '28.23704', '2015-10-29 09:59:37', 62),
(203, '115 Lunnon Rd', 'Pretoria', 83, 'South Africa', '-25.7575918', '28.2369902', '2015-10-29 10:01:11', 62),
(204, '115 Lunnon Rd', 'Pretoria', 83, 'South Africa', '-25.7575819', '28.2369974', '2015-10-29 10:02:45', 62),
(205, '115 Lunnon Rd', 'Pretoria', 83, 'South Africa', '-25.7575664', '28.2370422', '2015-10-29 10:14:18', 62),
(206, '115 Lunnon Rd', 'Pretoria', 83, 'South Africa', '-25.757578', '28.2370339', '2015-10-29 10:15:43', 62),
(207, '115 Lunnon Rd', 'Pretoria', 83, 'South Africa', '-25.7575683', '28.2370384', '2015-10-29 10:24:49', 62),
(208, '115 Lunnon Rd', 'Pretoria', 83, 'South Africa', '-25.7575759', '28.2369939', '2015-10-29 10:26:13', 62),
(209, '115 Lunnon Rd', 'Pretoria', 83, 'South Africa', '-25.7575891', '28.2369936', '2015-10-29 10:27:28', 62),
(210, '115 Lunnon Rd', 'Pretoria', 83, 'South Africa', '-25.7575767', '28.2369932', '2015-10-29 10:29:03', 62),
(211, '115 Lunnon Rd', 'Pretoria', 83, 'South Africa', '-25.7575982', '28.2369864', '2015-10-29 10:32:42', 62),
(212, '115 Lunnon Rd', 'Pretoria', 83, 'South Africa', '-25.7575915', '28.2369959', '2015-10-29 10:34:05', 62),
(213, '115 Lunnon Rd', 'Pretoria', 83, 'South Africa', '-25.7575787', '28.2370211', '2015-10-29 10:35:48', 62),
(214, '115 Lunnon Rd', 'Pretoria', 83, 'South Africa', '-25.7575687', '28.2370404', '2015-10-29 10:40:27', 62),
(215, '115 Lunnon Rd', 'Pretoria', 83, 'South Africa', '-25.7575668', '28.2370414', '2015-10-29 10:41:51', 62),
(216, '115 Lunnon Rd', 'Pretoria', 83, 'South Africa', '-25.7575753', '28.237034', '2015-10-29 10:43:21', 62),
(217, '115 Lunnon Rd', 'Pretoria', 83, 'South Africa', '-25.7575869', '28.2370122', '2015-10-29 10:46:41', 62),
(218, '115 Lunnon Rd', 'Pretoria', 83, 'South Africa', '-25.7575796', '28.2370013', '2015-10-29 10:49:30', 62),
(219, '115 Lunnon Rd', 'Pretoria', 83, 'South Africa', '-25.7575767', '28.2369935', '2015-10-29 10:51:12', 62),
(220, '115 Lunnon Rd', 'Pretoria', 83, 'South Africa', '-25.7575836', '28.2369982', '2015-10-29 10:52:35', 62),
(221, '115 Lunnon Rd', 'Pretoria', 83, 'South Africa', '-25.7575784', '28.2369984', '2015-10-29 10:53:54', 62),
(222, '115 Lunnon Rd', 'Pretoria', 83, 'South Africa', '-25.7575695', '28.2370386', '2015-10-29 10:56:31', 62),
(223, '115 Lunnon Rd', 'Pretoria', 83, 'South Africa', '-25.7575683', '28.237041', '2015-10-29 10:58:00', 62),
(224, '115 Lunnon Rd', 'Pretoria', 83, 'South Africa', '-25.7575928', '28.237002', '2015-10-29 11:01:52', 62),
(225, '115 Lunnon Rd', 'Pretoria', 83, 'South Africa', '-25.7575854', '28.2370142', '2015-10-29 11:05:36', 62),
(226, '115 Lunnon Rd', 'Pretoria', 83, 'South Africa', '-25.7575848', '28.237006', '2015-10-29 11:57:23', 62),
(227, '33 Roper St', 'Pretoria', 11, 'South Africa', '-25.7530973', '28.2308436', '2015-10-29 12:28:31', 62),
(228, 'Ring Rd', 'Pretoria', 83, 'South Africa', '-25.7554038', '28.2326429', '2015-10-29 12:44:19', 62),
(229, 'Ring Rd', 'Pretoria', 83, 'South Africa', '-25.7554194', '28.2326645', '2015-10-29 12:46:18', 62),
(230, 'Ring Rd', 'Pretoria', 83, 'South Africa', '-25.7554139', '28.2326536', '2015-10-29 12:48:24', 62),
(231, 'Ring Rd', 'Pretoria', 83, 'South Africa', '-25.7554023', '28.2326572', '2015-10-29 12:50:03', 62),
(232, 'Ring Rd', 'Pretoria', 83, 'South Africa', '-25.7554026', '28.2326683', '2015-10-29 12:51:49', 62),
(233, '115 Lunnon Rd', 'Pretoria', 83, 'South Africa', '-25.757578', '28.2370047', '2015-10-30 05:50:01', 62),
(234, '115 Lunnon Rd', 'Pretoria', 83, 'South Africa', '-25.7575784', '28.2369804', '2015-10-30 05:59:06', 62),
(235, '115 Lunnon Rd', 'Pretoria', 83, 'South Africa', '-25.7575901', '28.2369806', '2015-10-30 06:00:39', 62),
(236, '115 Lunnon Rd', 'Pretoria', 83, 'South Africa', '-25.7575913', '28.2370026', '2015-10-30 06:02:09', 62),
(237, '115 Lunnon Rd', 'Pretoria', 83, 'South Africa', '-25.757578', '28.2369774', '2015-10-30 06:03:32', 62),
(238, '115 Lunnon Rd', 'Pretoria', 83, 'South Africa', '-25.7575873', '28.2369794', '2015-10-30 06:05:06', 62);

-- --------------------------------------------------------

--
-- Table structure for table `smstb`
--

CREATE TABLE IF NOT EXISTS `smstb` (
  `smsID` int(100) NOT NULL COMMENT 'Each sms needs to have an ID in order to track them',
  `deviceID` int(11) NOT NULL COMMENT 'References mobile device',
  `type` varchar(20) COLLATE utf16_bin NOT NULL COMMENT 'Recieved or Sent',
  `source` varchar(300) COLLATE utf16_bin NOT NULL,
  `destination` varchar(300) COLLATE utf16_bin NOT NULL,
  `datetime` datetime NOT NULL
) ENGINE=InnoDB AUTO_INCREMENT=9325 DEFAULT CHARSET=utf16 COLLATE=utf16_bin;

-- --------------------------------------------------------

--
-- Table structure for table `usertb`
--

CREATE TABLE IF NOT EXISTS `usertb` (
  `userID` int(100) NOT NULL,
  `accessLevelID` int(100) NOT NULL,
  `email` varchar(150) COLLATE utf16_bin NOT NULL,
  `password` varchar(200) COLLATE utf16_bin NOT NULL,
  `firstLogin` tinyint(1) NOT NULL DEFAULT '1'
) ENGINE=InnoDB AUTO_INCREMENT=93 DEFAULT CHARSET=utf16 COLLATE=utf16_bin;

--
-- Dumping data for table `usertb`
--

INSERT INTO `usertb` (`userID`, `accessLevelID`, `email`, `password`, `firstLogin`) VALUES
(90, 1, 'ksmatidza@gmail.com', '$2a$12$jy/GhozHZ6locSN411RiuO82uNuxf5rTZCx3sO7clj2nI/KB5jMN.', 0),
(92, 1, 'ss@gmail.com', '$2a$12$3KQnWbqG8cZyTR5b4a.5DerVVLZ9AwrtzTuMJI/3naaRxNugxFKhe', 0);

-- --------------------------------------------------------

--
-- Table structure for table `visitedwebsitetb`
--

CREATE TABLE IF NOT EXISTS `visitedwebsitetb` (
  `visitedWebsiteID` int(150) NOT NULL COMMENT 'The value here should be the website URL',
  `deviceID` int(11) NOT NULL,
  `browserID` int(100) NOT NULL,
  `url` varchar(150) COLLATE utf16_bin NOT NULL,
  `dateTime` datetime NOT NULL,
  `frequency` int(11) NOT NULL
) ENGINE=InnoDB AUTO_INCREMENT=6 DEFAULT CHARSET=utf16 COLLATE=utf16_bin COMMENT='This table is needed in order to cross reference browsing activities';

--
-- Dumping data for table `visitedwebsitetb`
--

INSERT INTO `visitedwebsitetb` (`visitedWebsiteID`, `deviceID`, `browserID`, `url`, `dateTime`, `frequency`) VALUES
(1, 62, 1, 'https://github.com/features', '2015-10-29 01:11:16', 1),
(2, 62, 1, 'https://github.com/features', '2015-10-29 01:11:41', 1),
(3, 62, 1, 'https://www.facebook.com/campaign/landing.php?placement=pflo&campaign_id=402047449186&extra_1=auto', '2015-10-29 01:11:45', 1),
(4, 62, 1, 'https://www.facebook.com/careers/?ref=pf', '2015-10-29 01:13:02', 1),
(5, 62, 1, 'https://www.facebook.com/careers/?ref=pf', '2015-10-29 11:23:01', 1);

-- --------------------------------------------------------

--
-- Table structure for table `wifitb`
--

CREATE TABLE IF NOT EXISTS `wifitb` (
  `id` int(11) NOT NULL,
  `ssid` varchar(255) NOT NULL,
  `mac` varchar(255) NOT NULL,
  `time` varchar(150) NOT NULL,
  `bssid` varchar(100) NOT NULL,
  `status` varchar(100) NOT NULL,
  `ip` varchar(255) NOT NULL,
  `deviceId` int(11) NOT NULL
) ENGINE=InnoDB AUTO_INCREMENT=4 DEFAULT CHARSET=latin1;

--
-- Dumping data for table `wifitb`
--

INSERT INTO `wifitb` (`id`, `ssid`, `mac`, `time`, `bssid`, `status`, `ip`, `deviceId`) VALUES
(1, 'TUKS', '4C:3C:16:E8:D7:DC', '2015-10-29 11:11:48', '9c:1c:12:cb:fb:c0', 'CONNECTED', '196.248.124.95', 62),
(2, 'TUKS', '4C:3C:16:E8:D7:DC', '2015-10-29 11:11:48', '9c:1c:12:cb:fb:c0', 'CONNECTED', '196.248.124.95', 62),
(3, 'TUKS', '4C:3C:16:E8:D7:DC', '2015-10-29 11:11:48', '9c:1c:12:cb:fb:c0', 'CONNECTED', '196.248.124.95', 62);

--
-- Indexes for dumped tables
--

--
-- Indexes for table `accessleveltb`
--
ALTER TABLE `accessleveltb`
  ADD PRIMARY KEY (`accessLevelID`);

--
-- Indexes for table `apppermissions`
--
ALTER TABLE `apppermissions`
  ADD PRIMARY KEY (`id`), ADD KEY `apppermissions._ibfk_1` (`app_id`);

--
-- Indexes for table `browserapp`
--
ALTER TABLE `browserapp`
  ADD PRIMARY KEY (`browserAppID`), ADD KEY `browserID` (`browserID`);

--
-- Indexes for table `browsertb`
--
ALTER TABLE `browsertb`
  ADD PRIMARY KEY (`browserID`);

--
-- Indexes for table `calltb`
--
ALTER TABLE `calltb`
  ADD PRIMARY KEY (`callID`), ADD KEY `deviceID` (`deviceID`);

--
-- Indexes for table `deviceapps`
--
ALTER TABLE `deviceapps`
  ADD PRIMARY KEY (`id`), ADD KEY `deviceapps._ibfk_1` (`device_id`);

--
-- Indexes for table `devicetb`
--
ALTER TABLE `devicetb`
  ADD PRIMARY KEY (`deviceID`), ADD UNIQUE KEY `imeNumber` (`imeNumber`), ADD KEY `userID` (`userID`);

--
-- Indexes for table `locationtb`
--
ALTER TABLE `locationtb`
  ADD PRIMARY KEY (`id`), ADD KEY `locationtb._ibfk_1` (`deviceId`);

--
-- Indexes for table `smstb`
--
ALTER TABLE `smstb`
  ADD PRIMARY KEY (`smsID`), ADD KEY `deviceID` (`deviceID`);

--
-- Indexes for table `usertb`
--
ALTER TABLE `usertb`
  ADD PRIMARY KEY (`userID`), ADD UNIQUE KEY `email` (`email`), ADD UNIQUE KEY `email_2` (`email`), ADD KEY `accessLevelID` (`accessLevelID`);

--
-- Indexes for table `visitedwebsitetb`
--
ALTER TABLE `visitedwebsitetb`
  ADD PRIMARY KEY (`visitedWebsiteID`), ADD KEY `browserID` (`browserID`), ADD KEY `deviceID` (`deviceID`);

--
-- Indexes for table `wifitb`
--
ALTER TABLE `wifitb`
  ADD PRIMARY KEY (`id`), ADD KEY `wifitb_ibfk_2` (`deviceId`);

--
-- AUTO_INCREMENT for dumped tables
--

--
-- AUTO_INCREMENT for table `accessleveltb`
--
ALTER TABLE `accessleveltb`
  MODIFY `accessLevelID` int(100) NOT NULL AUTO_INCREMENT,AUTO_INCREMENT=2;
--
-- AUTO_INCREMENT for table `apppermissions`
--
ALTER TABLE `apppermissions`
  MODIFY `id` int(11) NOT NULL AUTO_INCREMENT;
--
-- AUTO_INCREMENT for table `browserapp`
--
ALTER TABLE `browserapp`
  MODIFY `browserAppID` int(11) NOT NULL AUTO_INCREMENT;
--
-- AUTO_INCREMENT for table `browsertb`
--
ALTER TABLE `browsertb`
  MODIFY `browserID` int(100) NOT NULL AUTO_INCREMENT COMMENT 'This can be the browser release version',AUTO_INCREMENT=3;
--
-- AUTO_INCREMENT for table `calltb`
--
ALTER TABLE `calltb`
  MODIFY `callID` int(100) NOT NULL AUTO_INCREMENT,AUTO_INCREMENT=1978;
--
-- AUTO_INCREMENT for table `deviceapps`
--
ALTER TABLE `deviceapps`
  MODIFY `id` int(11) NOT NULL AUTO_INCREMENT,AUTO_INCREMENT=1824;
--
-- AUTO_INCREMENT for table `devicetb`
--
ALTER TABLE `devicetb`
  MODIFY `deviceID` int(100) NOT NULL AUTO_INCREMENT COMMENT 'This is the device IMEI number (cant be null)',AUTO_INCREMENT=64;
--
-- AUTO_INCREMENT for table `locationtb`
--
ALTER TABLE `locationtb`
  MODIFY `id` int(11) NOT NULL AUTO_INCREMENT,AUTO_INCREMENT=239;
--
-- AUTO_INCREMENT for table `smstb`
--
ALTER TABLE `smstb`
  MODIFY `smsID` int(100) NOT NULL AUTO_INCREMENT COMMENT 'Each sms needs to have an ID in order to track them',AUTO_INCREMENT=9325;
--
-- AUTO_INCREMENT for table `usertb`
--
ALTER TABLE `usertb`
  MODIFY `userID` int(100) NOT NULL AUTO_INCREMENT,AUTO_INCREMENT=93;
--
-- AUTO_INCREMENT for table `visitedwebsitetb`
--
ALTER TABLE `visitedwebsitetb`
  MODIFY `visitedWebsiteID` int(150) NOT NULL AUTO_INCREMENT COMMENT 'The value here should be the website URL',AUTO_INCREMENT=6;
--
-- AUTO_INCREMENT for table `wifitb`
--
ALTER TABLE `wifitb`
  MODIFY `id` int(11) NOT NULL AUTO_INCREMENT,AUTO_INCREMENT=4;
--
-- Constraints for dumped tables
--

--
-- Constraints for table `apppermissions`
--
ALTER TABLE `apppermissions`
ADD CONSTRAINT `apppermissions._ibfk_1` FOREIGN KEY (`app_id`) REFERENCES `deviceapps` (`id`);

--
-- Constraints for table `calltb`
--
ALTER TABLE `calltb`
ADD CONSTRAINT `calltb_ibfk_1` FOREIGN KEY (`deviceID`) REFERENCES `devicetb` (`deviceID`);

--
-- Constraints for table `deviceapps`
--
ALTER TABLE `deviceapps`
ADD CONSTRAINT `deviceapps._ibfk_1` FOREIGN KEY (`device_id`) REFERENCES `devicetb` (`deviceID`);

--
-- Constraints for table `devicetb`
--
ALTER TABLE `devicetb`
ADD CONSTRAINT `devicetb_ibfk_4` FOREIGN KEY (`userID`) REFERENCES `usertb` (`userID`);

--
-- Constraints for table `locationtb`
--
ALTER TABLE `locationtb`
ADD CONSTRAINT `locationtb._ibfk_1` FOREIGN KEY (`deviceId`) REFERENCES `devicetb` (`deviceID`);

--
-- Constraints for table `smstb`
--
ALTER TABLE `smstb`
ADD CONSTRAINT `smstb_ibfk_1` FOREIGN KEY (`deviceID`) REFERENCES `devicetb` (`deviceID`);

--
-- Constraints for table `usertb`
--
ALTER TABLE `usertb`
ADD CONSTRAINT `usertb_ibfk_1` FOREIGN KEY (`accessLevelID`) REFERENCES `accessleveltb` (`accessLevelID`);

--
-- Constraints for table `visitedwebsitetb`
--
ALTER TABLE `visitedwebsitetb`
ADD CONSTRAINT `visitedwebsitetb_ibfk_1` FOREIGN KEY (`browserID`) REFERENCES `browsertb` (`browserID`),
ADD CONSTRAINT `visitedwebsitetb_ibfk_2` FOREIGN KEY (`deviceID`) REFERENCES `devicetb` (`deviceID`);

--
-- Constraints for table `wifitb`
--
ALTER TABLE `wifitb`
ADD CONSTRAINT `wifitb_ibfk_2` FOREIGN KEY (`deviceId`) REFERENCES `devicetb` (`deviceID`);

/*!40101 SET CHARACTER_SET_CLIENT=@OLD_CHARACTER_SET_CLIENT */;
/*!40101 SET CHARACTER_SET_RESULTS=@OLD_CHARACTER_SET_RESULTS */;
/*!40101 SET COLLATION_CONNECTION=@OLD_COLLATION_CONNECTION */;
